INSERT INTO PointOfInterest VALUES ('6111 University Blvd Unit 101, Vancouver, BC V6T 0C7','Browns Crafthouse UBC',4.2);
INSERT INTO PointOfInterest VALUES ('6065 University Blvd, Vancouver, BC V6T 0C5','DownLow Chicken',3.8);
INSERT INTO PointOfInterest VALUES ('6111 University Blvd #102, Vancouver, BC V6T 0C7','Kinton Ramen',3.5);
INSERT INTO PointOfInterest VALUES ('6055 University Blvd, Vancouver, BC V6T 0C5','Nori',2.9);
INSERT INTO PointOfInterest VALUES ('6035 University Blvd, Vancouver, BC V6T 0C5','Jamjar',4.1);
INSERT INTO PointOfInterest VALUES ('6025 University Blvd, Vancouver, BC V6T 0C5','Tacomio',3.9);
INSERT INTO PointOfInterest VALUES ('6045 University Blvd, Vancouver, BC V6T 0C5','Uncle Fatih Pizza',4.2);
INSERT INTO PointOfInterest VALUES ('6005 University Blvd, Vancouver, BC V6T 0C4','JJ Bean Coffee Roasters',4.3);
INSERT INTO PointOfInterest VALUES ('6001 University Blvd, Vancouver, BC V6T 0C5','Rain Or Shine',4.6);
INSERT INTO PointOfInterest VALUES ('Vancouver, BC V6T 1Z4','UBC',4.5);
INSERT INTO PointOfInterest VALUES ('8888 University Dr, Burnaby, BC V5A 1S6','SFU',4.2);
INSERT INTO PointOfInterest VALUES ('SW 3, White Ave, Burnaby, BC V5G 3H2','BCIT',2.9);
INSERT INTO PointOfInterest VALUES ('2055 Purcell Way, North Vancouver, BC V7J 3H5','Capilano University',3.9);
INSERT INTO PointOfInterest VALUES ('100 W 49th Ave, Vancouver, BC V5Y 2Z6','Langara',3.9);
INSERT INTO PointOfInterest VALUES ('2845 W 3rd Ave, Vancouver, BC V6K 1M8','Tatlow Park',4.3);
INSERT INTO PointOfInterest VALUES ('5495 Chancellor Blvd, Vancouver, BC V6T 1E4','Pacific Spirit Park',4.2);
INSERT INTO PointOfInterest VALUES ('4600 Cambie St, Vancouver, BC V5Z 2Z1','Queen Elizabeth Park',4.8);
INSERT INTO PointOfInterest VALUES ('Mt Seymour Rd, North Vancouver, BC V7G 1L3','Mount Seymor Provincial Park',4.6);
INSERT INTO PointOfInterest VALUES ('Vancouver, BC V6G 1Z4','Stanley Park',4.4);
INSERT INTO PointOfInterest VALUES ('2901 E Hastings St, Vancouver, BC V5K 5J1','Play Land',4.1);
INSERT INTO PointOfInterest VALUES ('1455 Quebec St, Vancouver, BC V6A 3Z7','Science World',4.6);
INSERT INTO PointOfInterest VALUES ('800 Griffiths Way, Vancouver, BC V6B 6G1','Rogers Arena',1.1);
INSERT INTO PointOfInterest VALUES ('111 W Hastings St, Vancouver, BC V6B 0E6','Public Piano',3.8);
INSERT INTO PointOfInterest VALUES ('4151 Hazelbridge Way #2180, Richmond, BC V6X 0A4','Aberdeen Center',4.0);
INSERT INTO School VALUES ('Vancouver, BC V6T 1Z4','UBC','University',80000);
INSERT INTO School VALUES ('8888 University Dr, Burnaby, BC V5A 1S6','SFU','University',30000);
INSERT INTO School VALUES ('SW 3, White Ave, Burnaby, BC V5G 3H2','BCIT','University',48224);
INSERT INTO School VALUES ('2055 Purcell Way, North Vancouver, BC V7J 3H5','Capilano University','University',7552);
INSERT INTO School VALUES ('100 W 49th Ave, Vancouver, BC V5Y 2Z6','Langara','University',22606);
INSERT INTO HasPlayground VALUES ('CITY','1');
INSERT INTO HasPlayground VALUES ('REGIONAL','0');
INSERT INTO HasPlayground VALUES ('PROVINCIAL','0');
INSERT INTO Park VALUES ('2845 W 3rd Ave, Vancouver, BC V6K 1M8','Tatlow Park','CITY');
INSERT INTO Park VALUES ('5495 Chancellor Blvd, Vancouver, BC V6T 1E4','Pacific Spirit Park','REGIONAL');
INSERT INTO Park VALUES ('4600 Cambie St, Vancouver, BC V5Z 2Z1','Queen Elizabeth Park','CITY');
INSERT INTO Park VALUES ('Mt Seymour Rd, North Vancouver, BC V7G 1L3','Mount Seymor Provincial Park','PROVINCIAL');
INSERT INTO Park VALUES ('Vancouver, BC V6G 1Z4','Stanley Park','CITY');
INSERT INTO Restaurant VALUES ('6111 University Blvd Unit 101, Vancouver, BC V6T 0C7','Browns Crafthouse UBC',50, 'generic');
INSERT INTO Restaurant VALUES ('6065 University Blvd, Vancouver, BC V6T 0C5','DownLow Chicken', 50, 'chicken');
INSERT INTO Restaurant VALUES ('6111 University Blvd #102, Vancouver, BC V6T 0C7','Kinton Ramen', 50, 'Japanese');
INSERT INTO Restaurant VALUES ('6055 University Blvd, Vancouver, BC V6T 0C5','Nori', 50, 'Japanese');
INSERT INTO Restaurant VALUES ('6035 University Blvd, Vancouver, BC V6T 0C5','Jamjar', 50, 'Lebanese');
INSERT INTO Restaurant VALUES ('6025 University Blvd, Vancouver, BC V6T 0C5','Tacomio', 50, 'Mexican');
INSERT INTO Restaurant VALUES ('6045 University Blvd, Vancouver, BC V6T 0C5','Uncle Fatih Pizza', 50, 'Italian');
INSERT INTO Restaurant VALUES ('6005 University Blvd, Vancouver, BC V6T 0C4','JJ Bean Coffee Roasters', 50, 'generic');
INSERT INTO Restaurant VALUES ('6001 University Blvd, Vancouver, BC V6T 0C5','Rain Or Shine', 50, 'Italian');
INSERT INTO Attraction VALUES ('2901 E Hastings St, Vancouver, BC V5K 5J1','Play Land',35,9000);
INSERT INTO Attraction VALUES ('1455 Quebec St, Vancouver, BC V6A 3Z7','Science World',20,2000);
INSERT INTO Attraction VALUES ('800 Griffiths Way, Vancouver, BC V6B 6G1','Rogers Arena',150,18000);
INSERT INTO Attraction VALUES ('111 W Hastings St, Vancouver, BC V6B 0E6','Public Piano',0,1);
INSERT INTO Attraction VALUES ('4151 Hazelbridge Way #2180, Richmond, BC V6X 0A4','Aberdeen Center',30,5000);
INSERT INTO POIClosestTo VALUES ('6111 University Blvd Unit 101, Vancouver, BC V6T 0C7','Browns Crafthouse UBC',61702,1);
INSERT INTO POIClosestTo VALUES ('6065 University Blvd, Vancouver, BC V6T 0C5','DownLow Chicken',61702,1);
INSERT INTO POIClosestTo VALUES ('6111 University Blvd #102, Vancouver, BC V6T 0C7','Kinton Ramen',61702,1);
INSERT INTO POIClosestTo VALUES ('6055 University Blvd, Vancouver, BC V6T 0C5','Nori',61702,1);
INSERT INTO POIClosestTo VALUES ('6035 University Blvd, Vancouver, BC V6T 0C5','Jamjar',61702,1);
INSERT INTO POIClosestTo VALUES ('6025 University Blvd, Vancouver, BC V6T 0C5','Tacomio',61702,1);
INSERT INTO POIClosestTo VALUES ('6045 University Blvd, Vancouver, BC V6T 0C5','Uncle Fatih Pizza',61702,1);
INSERT INTO POIClosestTo VALUES ('6005 University Blvd, Vancouver, BC V6T 0C4','JJ Bean Coffee Roasters',61702,1);
INSERT INTO POIClosestTo VALUES ('6001 University Blvd, Vancouver, BC V6T 0C5','Rain Or Shine',61702,1);
INSERT INTO POIClosestTo VALUES ('Vancouver, BC V6T 1Z4','UBC',61702,1);
INSERT INTO POIClosestTo VALUES ('8888 University Dr, Burnaby, BC V5A 1S6','SFU',53096,1);
INSERT INTO POIClosestTo VALUES ('SW 3, White Ave, Burnaby, BC V5G 3H2','BCIT',60195,10);
INSERT INTO POIClosestTo VALUES ('2055 Purcell Way, North Vancouver, BC V7J 3H5','Capilano University',57961,30);
INSERT INTO POIClosestTo VALUES ('100 W 49th Ave, Vancouver, BC V5Y 2Z6','Langara',51967,1);
INSERT INTO POIClosestTo VALUES ('2845 W 3rd Ave, Vancouver, BC V6K 1M8','Tatlow Park',60571,5);
INSERT INTO POIClosestTo VALUES ('5495 Chancellor Blvd, Vancouver, BC V6T 1E4','Pacific Spirit Park',61702,10);
INSERT INTO POIClosestTo VALUES ('4600 Cambie St, Vancouver, BC V5Z 2Z1','Queen Elizabeth Park',61100,5);
INSERT INTO POIClosestTo VALUES ('Mt Seymour Rd, North Vancouver, BC V7G 1L3','Mount Seymor Provincial Park',57961,60);
INSERT INTO POIClosestTo VALUES ('Vancouver, BC V6G 1Z4','Stanley Park',50031,10);
INSERT INTO POIClosestTo VALUES ('2901 E Hastings St, Vancouver, BC V5K 5J1','Play Land',50951,5);
INSERT INTO POIClosestTo VALUES ('1455 Quebec St, Vancouver, BC V6A 3Z7','Science World',50181,5);
INSERT INTO POIClosestTo VALUES ('800 Griffiths Way, Vancouver, BC V6B 6G1','Rogers Arena',57967,5);
INSERT INTO POIClosestTo VALUES ('111 W Hastings St, Vancouver, BC V6B 0E6','Public Piano',50036,4);
INSERT INTO POIClosestTo VALUES ('4151 Hazelbridge Way #2180, Richmond, BC V6X 0A4','Aberdeen Center',61382,1);