CREATE TABLE Account(
    ID NUMBER(10) NOT NULL, email VARCHAR(50) NOT NULL, name VARCHAR(50),
    CONSTRAINT Account_pk PRIMARY KEY (ID),
    CONSTRAINT Account_uq UNIQUE (email)
);

CREATE SEQUENCE add_account_id MINVALUE 1 MAXVALUE 9999999999 START WITH 1 INCREMENT BY 1 NOCACHE;

CREATE TABLE BusCard(
    cardNum NUMBER(10) NOT NULL,balance BINARY_DOUBLE,
    cardType VARCHAR(6),ID NUMBER(10) NOT NULL,
    CONSTRAINT BusCard_pk PRIMARY KEY (ID, cardNum), 
    CONSTRAINT BusCard_fk FOREIGN KEY (ID) REFERENCES Account(ID) ON DELETE CASCADE
);

CREATE TABLE Stop(
    num NUMBER(10) NOT NULL, lat BINARY_DOUBLE, 
    lon BINARY_DOUBLE, name VARCHAR(50), 
    CONSTRAINT Stop_pk PRIMARY KEY (num)
); 

CREATE TABLE Visited(
    accountID NUMBER(10) NOT NULL, 
    stopNum NUMBER(10) NOT NULL, 
    visitedDate DATE, 
    CONSTRAINT Visited_pk PRIMARY KEY (accountID, stopNUM, visitedDate), 
    CONSTRAINT Acct_fk FOREIGN KEY (accountID) REFERENCES Account(ID) ON DELETE CASCADE, 
    CONSTRAINT VisitedStop_fk FOREIGN KEY (stopNum) REFERENCES Stop(num) ON DELETE CASCADE 
); 

CREATE TABLE PointOfInterest(
    poiAddr VARCHAR(70), poiName VARCHAR(50), rating BINARY_DOUBLE, 
    CONSTRAINT POI_pk PRIMARY KEY (poiAddr,poiName)
); 

CREATE TABLE School(
    poiAddr VARCHAR(70), 
    poiName VARCHAR(50),
    schoolType VARCHAR(20),
    numStudents NUMBER(10), 
    CONSTRAINT School_pk PRIMARY KEY (poiAddr, poiName), 
    CONSTRAINT POI_scl_fk FOREIGN KEY (poiAddr, poiName) REFERENCES PointOfInterest(poiAddr,poiName) ON DELETE CASCADE 
); 

CREATE TABLE HasPlayground(
    parkStatus VARCHAR(20), hasPlayground CHAR(1), 
    CONSTRAINT HasPg_pk PRIMARY KEY (parkStatus)
); 

CREATE TABLE Park(
    poiAddr VARCHAR(70), poiName VARCHAR(50), parkStatus VARCHAR(20), 
    CONSTRAINT Park_pk PRIMARY KEY (poiAddr, poiName), 
    CONSTRAINT POI_Park_fk FOREIGN KEY (poiAddr, poiName) REFERENCES PointOfInterest(poiAddr,poiName) ON DELETE CASCADE, 
    CONSTRAINT ParkSt_fk FOREIGN KEY (parkStatus) REFERENCES HasPlayground(parkStatus)
); 

CREATE TABLE Restaurant(
    poiAddr VARCHAR(70), poiName VARCHAR(50), capacity NUMBER(10), cuisine VARCHAR(20), 
    CONSTRAINT Restaurant_pk PRIMARY KEY (poiAddr, poiName), 
    CONSTRAINT POI_Rest_fk FOREIGN KEY (poiAddr, poiName) REFERENCES PointOfInterest(poiAddr,poiName) ON DELETE CASCADE
);  

CREATE TABLE Attraction(
    poiAddr VARCHAR(70), poiName VARCHAR(50), price NUMBER(10), capacity NUMBER(10), 
    CONSTRAINT Attr_pk PRIMARY KEY (poiAddr, poiName), 
    CONSTRAINT POI_Attr_fk FOREIGN KEY (poiAddr, poiName) REFERENCES PointOfInterest(poiAddr,poiName)  ON DELETE CASCADE
); 

CREATE TABLE POIClosestTo(
    poiAddr VARCHAR(70), poiName VARCHAR(50), stopNum NUMBER(10), distanceFrom NUMBER(10), 
    CONSTRAINT POIClosest_pk PRIMARY KEY (poiAddr, poiName), 
    CONSTRAINT POI_Closest_fk FOREIGN KEY (poiAddr, poiName) REFERENCES PointOfInterest(poiAddr,poiName) ON DELETE CASCADE, 
    CONSTRAINT stop_fk FOREIGN KEY (stopNum) REFERENCES Stop(num) 
); 

CREATE TABLE VehicleType(
    type VARCHAR(8), topSpeed NUMBER(10), capacity NUMBER(10), frequency NUMBER(10), 
    CONSTRAINT VehicleType_pk PRIMARY KEY (type)
); 

CREATE TABLE Garage(
    name VARCHAR(50) NOT NULL, capacity NUMBER(10), type VARCHAR(8), 
    CONSTRAINT Garage_pk PRIMARY KEY (name),
    CONSTRAINT Type_fk FOREIGN KEY (type) REFERENCES VehicleType(type) 
);  

CREATE TABLE TransitLine(
    lineCode VARCHAR(20) NOT NULL, lineName VARCHAR(50),garageName VARCHAR(50), startStop NUMBER(10), endStop NUMBER(10),
    CONSTRAINT transitLine_pk PRIMARY KEY (lineCode),
    CONSTRAINT LineGarage_fk FOREIGN KEY (garageName) REFERENCES Garage(name), 
    CONSTRAINT startStop_fk FOREIGN KEY (startStop) REFERENCES Stop(num), 
    CONSTRAINT endStop_fk FOREIGN KEY (endStop) REFERENCES Stop(num) 
); 

CREATE TABLE LineStops(
    lineCode VARCHAR(20), stopNum NUMBER(10), stopOrder NUMBER(10), 
    CONSTRAINT LineStops_pk PRIMARY KEY (lineCode, stopNum), 
    CONSTRAINT line_fk FOREIGN KEY (lineCode) REFERENCES TransitLine(lineCode) ON DELETE CASCADE, 
    CONSTRAINT LineStop_fk FOREIGN KEY (stopNum) REFERENCES Stop(num) ON DELETE CASCADE
); 

CREATE TABLE Vehicle(
    ID NUMBER(10) NOT NULL, type VARCHAR(20) NOT NULL, enteredService DATE, serviceFrequency NUMBER(10), lastServiceDate DATE, garageName VARCHAR(50),  
    CONSTRAINT Vehicle_pk PRIMARY KEY (ID, type), 
    CONSTRAINT VehicleGarage_fk FOREIGN KEY (garageName) REFERENCES Garage(name), 
    CONSTRAINT VehicleType_fk FOREIGN KEY (type) REFERENCES VehicleType(type)
);  

CREATE TABLE Operator(
    ID NUMBER(10) NOT NULL, name VARCHAR(50),  garageName VARCHAR(50), vehicleID NUMBER(10), vehicleType VARCHAR(20), workingLine VARCHAR(20),
    CONSTRAINT Operator_pk PRIMARY KEY (ID),
    CONSTRAINT Garage_fk FOREIGN KEY (garageName) REFERENCES Garage(name), 
    CONSTRAINT OperatorVehicle_fk FOREIGN KEY (vehicleID, vehicleType) REFERENCES Vehicle(ID, type), 
    CONSTRAINT OperatorLine_fk FOREIGN KEY (workingLine) REFERENCES TransitLine(lineCode), 
    CONSTRAINT VehicleTypeOperator_fk FOREIGN KEY (vehicleType) REFERENCES VehicleType(type)
); 

CREATE TABLE VehicleLicense(
    vehicleID NUMBER(10), vehicleType VARCHAR(20), licensedType VARCHAR(50), 
    CONSTRAINT VehicleLicense_pk PRIMARY KEY (vehicleID, vehicleType), 
    CONSTRAINT Vehicle_fk FOREIGN KEY (vehicleID, vehicleType) REFERENCES Vehicle(ID, type) ON DELETE CASCADE
); 

CREATE TABLE HasWorked(
    lineCode VARCHAR(20), operatorID NUMBER(10), 
    CONSTRAINT HasWorked_pk PRIMARY KEY (lineCode, operatorID), 
    CONSTRAINT HasWorkedline_fk FOREIGN KEY (lineCode) REFERENCES TransitLine(lineCode)  ON DELETE CASCADE, 
    CONSTRAINT Operator_fk FOREIGN KEY (operatorID) REFERENCES Operator(ID) ON DELETE CASCADE 
);

INSERT INTO Stop values (50995,49.217289,-123.116608,'Northbound Cambie St @ W 59 Ave');
INSERT INTO Stop values (50997,49.22204,-123.116425,'Northbound Cambie St @ W 54 Ave');
INSERT INTO Stop values (59042,49.21392,-123.140853,'63 Ave Loop @ Granville St');
INSERT INTO Stop values (51010,49.213261,-123.144003,'Westbound W 64 Ave @ Adera St');
INSERT INTO Stop values (59767,49.265975,-123.079842,'VCC-Clark Station @ Unloading Only');
INSERT INTO Stop values (51011,49.21358,-123.148376,'Northbound Angus Dr @ W 64 Ave');
INSERT INTO Stop values (51012,49.215648,-123.148305,'Northbound Angus Dr @ W 61 Ave');
INSERT INTO Stop values (51013,49.217447,-123.14921,'Northbound West Blvd @ W 60 Ave');
INSERT INTO Stop values (51014,49.219817,-123.150612,'Northbound West Blvd @ W 57 Ave');
INSERT INTO Stop values (51015,49.221951,-123.151884,'Northbound West Blvd @ W 54 Ave');
INSERT INTO Stop values (51016,49.224765,-123.15354,'Northbound West Blvd @ W 51 Ave');
INSERT INTO Stop values (51017,49.225393,-123.155125,'Northbound Arbutus St @ W 51 Ave');
INSERT INTO Stop values (51018,49.227498,-123.155196,'Northbound West Blvd @ W 49 Ave');
INSERT INTO Stop values (51019,49.230145,-123.155632,'Northbound West Blvd @ W 46 Ave');
INSERT INTO Stop values (51020,49.231163,-123.155603,'Northbound West Blvd @ W 45 Ave');
INSERT INTO Stop values (51021,49.232961,-123.155537,'Northbound West Blvd @ W 43 Ave');
INSERT INTO Stop values (51022,49.2349,-123.155429,'Northbound West Blvd @ W 41 Ave');
INSERT INTO Stop values (51023,49.236779,-123.155392,'Northbound West Blvd @ W 39 Ave');
INSERT INTO Stop values (51024,49.238609,-123.155335,'Northbound West Blvd @ W 37 Ave');
INSERT INTO Stop values (59607,49.222365,-123.012456,'Northbound Willingdon Extension @ Imperial St');
INSERT INTO Stop values (59254,49.204851,-122.975514,'Eastbound Southridge Dr @ Marine Dr');
INSERT INTO Stop values (51026,49.241393,-123.153894,'Northbound Arbutus St @ Quilchena Cres');
INSERT INTO Stop values (59754,49.265832,-123.120144,'Eastbound W 6th Ave @ Heather St');
INSERT INTO Stop values (51027,49.242436,-123.153359,'Northbound Arbutus St @ W 33 Ave');
INSERT INTO Stop values (61039,49.266425,-123.114936,'Olympic Village Station @ Bay 2');
INSERT INTO Stop values (59758,49.269029,-123.109733,'Eastbound W 2nd Ave @ Columbia St');
INSERT INTO Stop values (59760,49.269125,-123.104153,'Eastbound E 2nd Ave @ Ontario St');
INSERT INTO Stop values (59763,49.266743,-123.095812,'Eastbound Great Northern Way @ Brunswick St');
INSERT INTO Stop values (59766,49.266021,-123.086122,'Eastbound Great Northern Way @ Foley St');
INSERT INTO Stop values (51028,49.245478,-123.153186,'Northbound Arbutus St @ Valley Dr');
INSERT INTO Stop values (60825,49.265799,-123.079054,'VCC-Clark Station @ Platform 2');
INSERT INTO Stop values (51029,49.247961,-123.153085,'Northbound Arbutus St @ Nanton Ave');
INSERT INTO Stop values (51030,49.251937,-123.152909,'Northbound Arbutus St @ W King Edward Ave');
INSERT INTO Stop values (51032,49.254791,-123.15286,'Northbound Arbutus St @ W 20 Ave');
INSERT INTO Stop values (58723,49.257604,-123.152846,'Northbound Arbutus St @ W 16 Ave');
INSERT INTO Stop values (51034,49.258543,-123.152972,'Northbound Arbutus St @ W 15 Ave');
INSERT INTO Stop values (59940,49.25498,-123.24893,'Westbound Stadium Rd @ West Mall');
INSERT INTO Stop values (59942,49.259061,-123.249148,'Westbound Thunderbird Blvd @ Larkin Dr');
INSERT INTO Stop values (59941,49.257665,-123.249997,'Southbound West Mall @ Hawthorn Lane');
INSERT INTO Stop values (59964,49.259575,-123.254983,'Northbound NW Marine Dr @ Agronomy Rd');
INSERT INTO Stop values (59957,49.270734,-123.254576,'Eastbound NW Marine Dr @ East Mall');
INSERT INTO Stop values (59946,49.271678,-123.248276,'Southbound Wesbrook Mall @ Iona Dr');
INSERT INTO Stop values (51037,49.280776,-123.044219,'Southbound Renfrew St @ E Hastings St');
INSERT INTO Stop values (51038,49.277967,-123.044227,'Southbound Renfrew St @ E Georgia St');
INSERT INTO Stop values (51039,49.276141,-123.044245,'Southbound Renfrew St @ Venables St');
INSERT INTO Stop values (51040,49.273888,-123.044287,'Southbound Renfrew St @ William St');
INSERT INTO Stop values (51041,49.271997,-123.04431,'Southbound Renfrew St @ Kitchener St');
INSERT INTO Stop values (51042,49.269159,-123.044397,'Southbound Renfrew St @ E 1st Ave');
INSERT INTO Stop values (51925,49.268769,-123.258526,'Eastbound NW Marine Dr @ West Mall');
INSERT INTO Stop values (51043,49.266425,-123.044405,'Southbound Renfrew St @ E 4th Ave');
INSERT INTO Stop values (51044,49.265468,-123.044419,'Southbound Renfrew St @ E 5th Ave');
INSERT INTO Stop values (51045,49.262644,-123.044459,'Southbound Renfrew St @ E 8th Ave');
INSERT INTO Stop values (50067,49.272582,-123.159332,'Eastbound Cornwall Ave @ Balsam St');
INSERT INTO Stop values (50408,49.28481,-123.112535,'Northbound Seymour St @ W Hastings St');
INSERT INTO Stop values (59489,49.244611,-123.233387,'Eastbound SW Marine Dr @ Wesbrook Mall');
INSERT INTO Stop values (51048,49.257863,-123.044471,'Southbound Renfrew St @ Grandview Hwy');
INSERT INTO Stop values (51049,49.255993,-123.044447,'Southbound Renfrew St @ E 15 Ave');
INSERT INTO Stop values (59982,49.16621,-123.133812,'Southbound Buswell St @ Cook Rd');
INSERT INTO Stop values (51050,49.254177,-123.044433,'Southbound Renfrew St @ E 17 Ave');
INSERT INTO Stop values (51051,49.252041,-123.044456,'Southbound Renfrew St @ E 20 Ave');
INSERT INTO Stop values (51052,49.250326,-123.044011,'Southbound Boyd Diversion @ E 22 Ave');
INSERT INTO Stop values (59837,49.251452,-123.100866,'Northbound Main St @ E 22 Ave');
INSERT INTO Stop values (59843,49.22134,-123.101649,'Northbound Main St @ 54 Ave');
INSERT INTO Stop values (51053,49.247621,-123.041717,'Southbound Nootka St @ E 25 Ave');
INSERT INTO Stop values (58614,49.26236,-123.088379,'Eastbound E Broadway St @ Fraser St');
INSERT INTO Stop values (51054,49.245935,-123.041725,'Southbound Nootka St @ E 27 Ave');
INSERT INTO Stop values (51966,49.226174,-123.120295,'Eastbound W 49 Ave @ Tisdall St');
INSERT INTO Stop values (51055,49.244625,-123.042759,'Westbound E 29 Ave @ Nootka St');
INSERT INTO Stop values (51056,49.244134,-123.044757,'29th Avenue Station @ Bay 3');
INSERT INTO Stop values (60726,49.264155,-123.17742,'Eastbound W Broadway @ Blenheim St');
INSERT INTO Stop values (60727,49.264095,-123.173572,'Eastbound W Broadway St @ Balaclava St');
INSERT INTO Stop values (60728,49.264061,-123.170799,'Eastbound W Broadway @ Bayswater St');
INSERT INTO Stop values (51967,49.226003,-123.11584,'Langara-49th Station @ Bay 3');
INSERT INTO Stop values (60974,49.133711,-123.066813,'Westbound Steveston Hwy @ Entertainment Blvd');
INSERT INTO Stop values (50475,49.249415,-123.115245,'King Edward Station @ Bay 2');
INSERT INTO Stop values (50469,49.237495,-123.1158,'Northbound Cambie St @ W 37 Ave');
INSERT INTO Stop values (50471,49.241409,-123.11818,'Northbound Cambie St @ W 33 Ave');
INSERT INTO Stop values (50476,49.251472,-123.115164,'Northbound Cambie St @ W 22 Ave');
INSERT INTO Stop values (60681,49.253194,-123.07613,'Southbound Knight St @ E 19 Ave');
INSERT INTO Stop values (50477,49.253243,-123.115102,'Northbound Cambie St @ W 20 Ave');
INSERT INTO Stop values (50478,49.255125,-123.115019,'Northbound Cambie St @ W 18 Ave');
INSERT INTO Stop values (59581,49.256943,-123.101068,'Northbound Main St @ E 16 Ave');
INSERT INTO Stop values (60996,49.230066,-123.116096,'Northbound Cambie St @ W 45 Ave');
INSERT INTO Stop values (50992,49.212634,-123.116832,'Northbound Cambie St @ W 64 Ave');
INSERT INTO Stop values (50994,49.215412,-123.116683,'Northbound Cambie St @ W 61 Ave');
INSERT INTO Stop values (50996,49.219328,-123.116528,'Northbound Cambie St @ W 57 Ave');
INSERT INTO Stop values (58322,49.199857,-122.949711,'22nd Street Station @ Unloading Only');
INSERT INTO Stop values (51484,49.256014,-123.235156,'Eastbound W 16 Ave @ Wesbrook Mall');
INSERT INTO Stop values (61044,49.255309,-123.235823,'Northbound Wesbrook Mall @ W 16 Ave');
INSERT INTO Stop values (61095,49.257415,-123.137767,'Eastbound Marpole Ave @ McRae Ave');
INSERT INTO Stop values (61088,49.257785,-123.184606,'Eastbound W 16 Ave @ Dunbar St');
INSERT INTO Stop values (50321,49.263904,-123.16196,'Eastbound W Broadway @ Larch St');
INSERT INTO Stop values (52535,49.26148,-122.956905,'Eastbound Broadway @ E Ellerslie Ave');
INSERT INTO Stop values (61106,49.240146,-123.075958,'Eastbound E 33 Ave @ Knight St');
INSERT INTO Stop values (61108,49.239826,-123.06484,'Eastbound E 33 Ave @ Victoria Dr');
INSERT INTO Stop values (61104,49.240241,-123.089815,'Eastbound E 33 Ave @ Fraser St');
INSERT INTO Stop values (61093,49.257204,-123.15198,'Eastbound W 16 Ave @ East Blvd');
INSERT INTO Stop values (61096,49.256969,-123.127706,'Eastbound W 16 Ave @ Oak St');
INSERT INTO Stop values (61090,49.257525,-123.167913,'Eastbound W 16 Ave @ Macdonald St');
INSERT INTO Stop values (61091,49.257427,-123.16452,'Eastbound W 16 Ave @ Trafalgar St');
INSERT INTO Stop values (61089,49.257689,-123.178434,'Eastbound W 16 Ave @ Blenheim St');
INSERT INTO Stop values (61101,49.240505,-123.104966,'Eastbound E 33 Ave @ Ontario St');
INSERT INTO Stop values (61109,49.239712,-123.058302,'Eastbound E 33 Ave @ Nanaimo St');
INSERT INTO Stop values (61107,49.240064,-123.070849,'Eastbound E 33 Ave @ Argyle St');
INSERT INTO Stop values (61094,49.257121,-123.146366,'Eastbound W 16 Ave @ Burrard St');
INSERT INTO Stop values (61135,49.240161,-123.079787,'Eastbound E 33 Ave @ Inverness St');
INSERT INTO Stop values (61103,49.240343,-123.096513,'Eastbound E 33 Ave @ Prince Edward St');
INSERT INTO Stop values (61092,49.25729,-123.157508,'Eastbound W 16 Ave @ Vine St');
INSERT INTO Stop values (61105,49.240204,-123.085349,'Eastbound E 33 Ave @ Somerville St');
INSERT INTO Stop values (50480,49.258988,-123.114893,'Northbound Cambie St @ W 14 Ave');
INSERT INTO Stop values (52127,49.208502,-123.120741,'Eastbound SW Marine Dr @ W 70 Ave');
INSERT INTO Stop values (61100,49.242588,-123.108805,'Eastbound Midlothian Ave @ Clancy Loranger Way');
INSERT INTO Stop values (50467,49.233905,-123.115953,'Oakridge-41st Ave Station @ Bay 6');
INSERT INTO Stop values (61259,49.261653,-123.003137,'Northbound Willingdon Ave @ Still Creek Dr');
INSERT INTO Stop values (61097,49.256969,-123.121578,'Eastbound W 16 Ave @ Willow St');
INSERT INTO Stop values (50417,49.252766,-123.115379,'Southbound Cambie St @ W 20 Ave');
INSERT INTO Stop values (61252,49.245537,-123.11525,'Northbound Cambie St @ W 29 Ave');
INSERT INTO Stop values (50483,49.264648,-123.114622,'Northbound Cambie St @ W 7th Ave');
INSERT INTO Stop values (61337,49.209087,-123.116823,'Marine Drive Station @ Bay 1');
INSERT INTO Stop values (61338,49.209383,-123.116116,'Marine Drive Station @ Bay 2');
INSERT INTO Stop values (61344,49.173922,-123.150998,'Westbound River Rd @ Hollybridge Way');
INSERT INTO Stop values (61040,49.266245,-123.115944,'Olympic Village Station @ Bay 1');
INSERT INTO Stop values (61364,49.282352,-123.118143,'Vancouver City Centre Station @ Platform 1');
INSERT INTO Stop values (61366,49.274508,-123.122015,'Yaletown-Roundhouse Station @ Platform 1');
INSERT INTO Stop values (61368,49.266557,-123.115527,'Olympic Village Station @ Platform 1');
INSERT INTO Stop values (61370,49.262725,-123.114753,'Broadway-City Hall Station @ Platform 1');
INSERT INTO Stop values (61372,49.249172,-123.115228,'King Edward Station @ Platform 1');
INSERT INTO Stop values (61374,49.233731,-123.116176,'Oakridge-41st Avenue Station @ Platform 1');
INSERT INTO Stop values (61376,49.225709,-123.116289,'Langara-49th Avenue Station @ Platform 1');
INSERT INTO Stop values (61378,49.209663,-123.116921,'Marine Drive Station @ Platform 1');
INSERT INTO Stop values (61380,49.195514,-123.126006,'Bridgeport Station @ Platform 1');
INSERT INTO Stop values (61382,49.183991,-123.13622,'Aberdeen Station @ Platform 1');
INSERT INTO Stop values (61384,49.174766,-123.136322,'Landsdowne Station @ Platform 1');
INSERT INTO Stop values (61386,49.168092,-123.136174,'Richmond-Brighouse Station @ Platform 1');
INSERT INTO Stop values (51121,49.232713,-123.06505,'Eastbound E 41 Ave @ Victoria Dr');
INSERT INTO Stop values (61394,49.285093,-123.114139,'Waterfront Station @ Canada Line');
INSERT INTO Stop values (51124,49.232754,-123.054813,'Eastbound E 41 Ave @ Clarendon St');
INSERT INTO Stop values (51003,49.232875,-123.115999,'Northbound Cambie St @ W 42 Ave');
INSERT INTO Stop values (50999,49.226473,-123.116241,'Langara-49th Station @ Bay 1');
INSERT INTO Stop values (61027,49.262826,-123.11464,'Broadway-City Hall Station @ Bay 2');
INSERT INTO Stop values (50136,49.23344,-123.116867,'Oakridge-41st Ave Station @ Bay 2');
INSERT INTO Stop values (61347,49.169554,-123.140355,'Southbound Minoru Blvd @ Westminster Hwy');
INSERT INTO Stop values (51128,49.23288,-123.042556,'Eastbound E 41 Ave @ Rupert St');
INSERT INTO Stop values (61349,49.16465,-123.140684,'Southbound Minoru Blvd @ Minoru Gate');
INSERT INTO Stop values (61346,49.171509,-123.164587,'Southbound Lynas Lane @ Dover Cres');
INSERT INTO Stop values (61348,49.166706,-123.141002,'Southbound Minoru Blvd @ Murdoch Ave');
INSERT INTO Stop values (54826,49.2631,-123.138458,'Northbound Granville St @ W 10 Ave');
INSERT INTO Stop values (58593,49.276487,-123.127092,'Northbound Granville St @ Drake St');
INSERT INTO Stop values (50220,49.277584,-123.125372,'Northbound Granville St @ Davie St');
INSERT INTO Stop values (51374,49.285445,-123.11425,'Eastbound W Hastings St @ Granville St');
INSERT INTO Stop values (51941,49.269179,-123.145428,'Northbound Burrard St @ W 3rd Ave');
INSERT INTO Stop values (51480,49.260754,-123.240994,'Southbound Wesbrook Mall @ Thunderbird Blvd');
INSERT INTO Stop values (61150,49.240435,-123.101853,'Eastbound E 33 Ave @ Main St');
INSERT INTO Stop values (61293,49.282317,-123.118291,'Northbound Granville St @ W Georgia St');
INSERT INTO Stop values (60993,49.283461,-123.116549,'Northbound Granville St @ Dunsmuir St');
INSERT INTO Stop values (50034,49.285553,-123.11335,'Northbound Granville St @ W Hastings St');
INSERT INTO Stop values (51144,49.247719,-123.070924,'Eastbound Kingsway @ Perry St');
INSERT INTO Stop values (58144,49.280784,-123.120537,'Northbound Granville St @ Smithe St');
INSERT INTO Stop values (51145,49.246687,-123.06866,'Eastbound Kingsway @ Miller St');
INSERT INTO Stop values (61526,49.157771,-123.136495,'Northbound No. 3 Rd @ Jones Rd');
INSERT INTO Stop values (52102,49.262213,-123.068963,'Commercial-Broadway Station @ Bay 1');
INSERT INTO Stop values (50878,49.262911,-123.104471,'Eastbound E Broadway @ Ontario St');
INSERT INTO Stop values (51151,49.233834,-123.03553,'Eastbound Kingsway @ Joyce St');
INSERT INTO Stop values (51152,49.232943,-123.033767,'Eastbound Kingsway @ Wessex St');
INSERT INTO Stop values (58313,49.284493,-123.114994,'Northbound Granville St @ W Pender St');
INSERT INTO Stop values (51153,49.231987,-123.031656,'Eastbound Kingsway @ Tyne St');
INSERT INTO Stop values (51154,49.231961,-123.028846,'Eastbound Kingsway @ Melbourne St');
INSERT INTO Stop values (58235,49.28074,-123.107725,'Southbound Abbott St @ W Pender St');
INSERT INTO Stop values (51155,49.232088,-123.026055,'Eastbound Kingsway @ Lincoln St');
INSERT INTO Stop values (51156,49.232257,-123.022286,'Eastbound Kingsway @ Boundary Rd');
INSERT INTO Stop values (51157,49.232578,-123.018383,'Eastbound Kingsway @ Smith Ave');
INSERT INTO Stop values (51158,49.232758,-123.015229,'Eastbound Kingsway @ Inman Ave');
INSERT INTO Stop values (51159,49.232443,-123.012252,'Eastbound Kingsway @ Patterson Ave');
INSERT INTO Stop values (51160,49.231667,-123.00953,'Eastbound Kingsway @ Olive Ave');
INSERT INTO Stop values (61099,49.245108,-123.114568,'Eastbound E 29 Ave @ Cambie St');
INSERT INTO Stop values (51161,49.230995,-123.007485,'Eastbound Kingsway @ Wilson Ave');
INSERT INTO Stop values (58624,49.168435,-123.136682,'Richmond-Brighouse Station @ Bay 5');
INSERT INTO Stop values (51162,49.229565,-123.005715,'Southbound Willingdon Ave @ Kemp St');
INSERT INTO Stop values (51163,49.227271,-123.006974,'Eastbound Central Blvd @ Willingdon Ave');
INSERT INTO Stop values (61660,49.263761,-123.154831,'Eastbound W Broadway @ Yew St');
INSERT INTO Stop values (51164,49.226085,-123.002888,'Metrotown Station @ Bay 2');
INSERT INTO Stop values (61581,49.247646,-123.232002,'Southbound Wesbrook Mall @ Triumf Centre');
INSERT INTO Stop values (61579,49.254064,-123.23498,'Southbound Wesbrook Mall @ Birney Ave');
INSERT INTO Stop values (61702,49.265923,-123.247364,'UBC Exchange @ Bay 11');
INSERT INTO Stop values (61759,49.280758,-123.126431,'Northbound Burrard St @ Comox St');
INSERT INTO Stop values (61811,49.134132,-123.092199,'Southbound No. 5 Rd @ Steveston Hwy');
INSERT INTO Stop values (61893,49.251694,-123.237733,'Westbound Ross Dr @ Birney Ave');
INSERT INTO Stop values (61833,49.25836,-123.244207,'Northbound East Mall @ Eagles Dr');
INSERT INTO Stop values (61897,49.172878,-123.154608,'Westbound River Rd @ 6100 Block');
INSERT INTO Stop values (61810,49.276112,-123.114934,'Northbound Smithe St @ Expo Blvd');
INSERT INTO Stop values (52123,49.203203,-123.133071,'Marpole Loop @ Bay 5');
INSERT INTO Stop values (61809,49.272658,-123.163937,'Eastbound Cornwall Ave @ Trafalgar St');
INSERT INTO Stop values (61935,49.267419,-123.246831,'UBC Exchange @ Bay 7');
INSERT INTO Stop values (61933,49.282052,-123.086717,'Eastbound Cordova Diversion @ Hawks Ave');
INSERT INTO Stop values (60006,49.26302,-123.10905,'Eastbound W Broadway @ Columbia St');
INSERT INTO Stop values (51202,49.210673,-123.065781,'Westbound Harrison Dr @ Victoria Dr');
INSERT INTO Stop values (61990,49.243302,-123.061513,'Eastbound Kingsway @ Gladstone St');
INSERT INTO Stop values (51948,49.207414,-123.123941,'Westbound SW Marine Dr @ Heather St');
INSERT INTO Stop values (51203,49.212765,-123.065964,'Northbound Victoria Dr @ Fraserview Dr');
INSERT INTO Stop values (51204,49.214832,-123.065913,'Northbound Victoria Dr @ E 61 Ave');
INSERT INTO Stop values (61503,49.232781,-123.090946,'Eastbound E 41 Ave @ Fraser St');
INSERT INTO Stop values (57893,49.286502,-123.110998,'Waterfront Station @ West Coast Express');
INSERT INTO Stop values (51205,49.21691,-123.065874,'Northbound Victoria Dr @ Brigadoon Ave');
INSERT INTO Stop values (51206,49.218398,-123.065832,'Northbound Victoria Dr @ Upland Dr');
INSERT INTO Stop values (51207,49.220662,-123.065738,'Northbound Victoria Dr @ E 54 Ave');
INSERT INTO Stop values (59587,49.263181,-123.256083,'Northbound Lower Mall @ University Blvd');
INSERT INTO Stop values (51208,49.223425,-123.065653,'Northbound Victoria Dr @ E 51 Ave');
INSERT INTO Stop values (51209,49.225458,-123.065603,'Northbound Victoria Dr @ E 49 Ave');
INSERT INTO Stop values (60020,49.224634,-123.036296,'Eastbound E 49 Ave @ Doman St');
INSERT INTO Stop values (51210,49.227465,-123.065556,'Northbound Victoria Dr @ Waverley Ave');
INSERT INTO Stop values (51211,49.229847,-123.065483,'Northbound Victoria Dr @ E 45 Ave');
INSERT INTO Stop values (51212,49.231503,-123.065432,'Northbound Victoria Dr @ E 43 Ave');
INSERT INTO Stop values (51213,49.247959,-123.064952,'Northbound Victoria Dr @ E 26 Ave');
INSERT INTO Stop values (60086,49.261375,-122.889784,'Burquitlam Station @ Platform 2');
INSERT INTO Stop values (60088,49.277941,-122.845608,'Moody Centre Station @ Platform 2');
INSERT INTO Stop values (60090,49.277118,-122.828183,'Inlet Centre Station @ Platform 2');
INSERT INTO Stop values (60092,49.274738,-122.800643,'Coquitlam Central Station @ Platform 2');
INSERT INTO Stop values (60094,49.28041,-122.793805,'Lincoln Station @ Platform 2');
INSERT INTO Stop values (60096,49.285693,-122.791435,'Lafarge Lake-Douglas Station @ Platform 2');
INSERT INTO Stop values (51215,49.250596,-123.064898,'Northbound Victoria Dr @ E 22 Ave');
INSERT INTO Stop values (51216,49.253274,-123.066572,'Northbound Victoria Diversion @ Victoria Dr');
INSERT INTO Stop values (51217,49.254682,-123.068394,'Northbound Commercial Dr @ Findlay St');
INSERT INTO Stop values (51219,49.258015,-123.069745,'Northbound Commercial Dr @ E 14 Ave');
INSERT INTO Stop values (51220,49.259948,-123.069673,'Northbound Commercial Dr @ E 12 Ave');
INSERT INTO Stop values (58327,49.262699,-123.069636,'Commercial-Broadway Station @ Bay 3');
INSERT INTO Stop values (60105,49.278065,-122.845996,'Moody Centre Station @ West Coast Express');
INSERT INTO Stop values (60107,49.2738,-122.800001,'Coquitlam Central Station @ West Coast Express');
INSERT INTO Stop values (51226,49.269918,-123.069518,'Northbound Commercial Dr @ E 1st Ave');
INSERT INTO Stop values (60158,49.267415,-123.247954,'UBC Exchange @ Bay 1');
INSERT INTO Stop values (60159,49.2673,-123.24828,'UBC Exchange @ Bay 2');
INSERT INTO Stop values (51227,49.271608,-123.069481,'Northbound Commercial Dr @ Grant St');
INSERT INTO Stop values (60160,49.267177,-123.24863,'UBC Exchange @ Bay 3');
INSERT INTO Stop values (60162,49.26704,-123.247902,'UBC Exchange @ Bay 4');
INSERT INTO Stop values (60163,49.26715,-123.247589,'UBC Exchange @ Bay 5');
INSERT INTO Stop values (60164,49.267304,-123.247155,'UBC Exchange @ Bay 6');
INSERT INTO Stop values (51228,49.273323,-123.06943,'Northbound Commercial Dr @ Charles St');
INSERT INTO Stop values (51229,49.275134,-123.069418,'Northbound Commercial Dr @ Napier St');
INSERT INTO Stop values (51231,49.277014,-123.069433,'Northbound Commercial Diversion @ Venables St');
INSERT INTO Stop values (60195,49.22639,-123.004928,'Metrotown Station @ Bay 10');
INSERT INTO Stop values (51232,49.278704,-123.070346,'Northbound Commercial Dr @ E Georgia St');
INSERT INTO Stop values (60214,49.225091,-123.002091,'Metrotown Station @ Bay 14');
INSERT INTO Stop values (51233,49.280571,-123.070272,'Northbound Commercial Dr @ E Pender St');
INSERT INTO Stop values (60314,49.248336,-123.056509,'Nanaimo Station @ Bay 1');
INSERT INTO Stop values (60335,49.248771,-123.104633,'Eastbound E King Edward Ave @ Ontario St');
INSERT INTO Stop values (60336,49.28202,-123.089076,'Eastbound E Cordova St @ Heatley Ave');
INSERT INTO Stop values (60358,49.267674,-123.247621,'UBC Exchange @ Unloading Only');
INSERT INTO Stop values (60269,49.282359,-123.124019,'Northbound Burrard St @ Smithe St');
INSERT INTO Stop values (60359,49.260225,-123.168239,'Northbound Macdonald St @ W 13 Ave');
INSERT INTO Stop values (60391,49.26668,-123.090557,'Eastbound Great Northern Way @ Carolina St');
INSERT INTO Stop values (60393,49.234694,-123.184268,'Dunbar Loop @ Bay 7');
INSERT INTO Stop values (60386,49.234483,-123.154407,'Eastbound W 41 Ave @ East Blvd');
INSERT INTO Stop values (60383,49.26369,-123.243491,'Southbound Wesbrook Mall @ Agronomy Rd');
INSERT INTO Stop values (53312,49.28616,-123.118293,'Burrard Station @ Bay 6');
INSERT INTO Stop values (60408,49.260922,-123.152113,'Eastbound W 12th Ave @ Arbutus St');
INSERT INTO Stop values (60409,49.260863,-123.147849,'Eastbound W 12th Ave @ Cypress St');
INSERT INTO Stop values (60411,49.260786,-123.143122,'Eastbound W 12 Ave @ Pine St');
INSERT INTO Stop values (60413,49.260482,-123.12604,'Eastbound W 12 Ave @ Oak St');
INSERT INTO Stop values (60414,49.260473,-123.12392,'Eastbound W 12th Ave @ Laurel St');
INSERT INTO Stop values (60416,49.260394,-123.120306,'Eastbound W 12th Ave @ Heather St');
INSERT INTO Stop values (60483,49.167722,-123.136073,'Richmond-Brighouse Station @ Bay 1');
INSERT INTO Stop values (60482,49.167576,-123.135746,'Richmond-Brighouse Station @ Bay 2');
INSERT INTO Stop values (60492,49.282442,-123.104634,'Eastbound W Cordova St @ Carrall St');
INSERT INTO Stop values (60494,49.263505,-123.139857,'Eastbound W Broadway @ Granville St');
INSERT INTO Stop values (60533,49.268423,-123.214932,'Northbound Blanca St @ W 5th Ave');
INSERT INTO Stop values (60534,49.263181,-123.117852,'Broadway-City Hall Station @ Bay 6');
INSERT INTO Stop values (60535,49.26315,-123.116587,'Broadway-City Hall Station @ Bay 1');
INSERT INTO Stop values (59431,49.263296,-123.128317,'Eastbound W Broadway @ Spruce St');
INSERT INTO Stop values (60570,49.268415,-123.177316,'Eastbound W 4th Ave @ Blenheim St');
INSERT INTO Stop values (60571,49.268359,-123.173351,'Eastbound W 4th Ave @ Balaclava St');
INSERT INTO Stop values (60572,49.268111,-123.154472,'Eastbound W 4th Ave @ Yew St');
INSERT INTO Stop values (61762,49.268032,-123.149796,'Eastbound W 4th Ave @ Maple St');
INSERT INTO Stop values (60554,49.268312,-123.099412,'Eastbound E 2nd Ave @ Lorne St');
INSERT INTO Stop values (60553,49.26601,-123.130869,'Eastbound W 6th Ave @ Alder St');
INSERT INTO Stop values (51272,49.280323,-123.099245,'Eastbound E Pender St @ Main St');
INSERT INTO Stop values (60516,49.266331,-123.004628,'Brentwood Station @ Bay 5');
INSERT INTO Stop values (51273,49.279105,-123.097251,'Southbound Gore Ave @ Keefer St');
INSERT INTO Stop values (52728,49.26451,-123.004065,'Westbound Dawson St @ Willingdon Ave');
INSERT INTO Stop values (51274,49.27736,-123.09702,'Southbound Gore Ave @ Union St');
INSERT INTO Stop values (60592,49.217685,-123.140092,'Northbound Granville St @ Park Dr');
INSERT INTO Stop values (60600,49.281036,-123.026286,'Kootenay Loop @ Bay 8-');
INSERT INTO Stop values (60602,49.28299,-123.113676,'Southbound Richards St @ Dunsmuir St');
INSERT INTO Stop values (60604,49.281162,-123.094918,'Eastbound E Hastings St @ Dunlevy Ave');
INSERT INTO Stop values (51278,49.276624,-123.095194,'Eastbound Prior St @ Dunlevy Ave');
INSERT INTO Stop values (51279,49.276551,-123.091207,'Eastbound Prior St @ Princess Ave');
INSERT INTO Stop values (51280,49.276481,-123.087659,'Eastbound Prior St @ Hawks Ave');
INSERT INTO Stop values (51281,49.276442,-123.084506,'Eastbound Prior St @ Campbell Ave');
INSERT INTO Stop values (51282,49.276727,-123.080955,'Eastbound Venables St @ Glen Dr');
INSERT INTO Stop values (51283,49.276697,-123.07825,'Eastbound Venables St @ Vernon Dr');
INSERT INTO Stop values (51284,49.275523,-123.077375,'Southbound Clark Dr @ Parker St');
INSERT INTO Stop values (51285,49.27378,-123.07742,'Southbound Clark Dr @ William St');
INSERT INTO Stop values (51286,49.271208,-123.077466,'Southbound Clark Dr @ Grant St');
INSERT INTO Stop values (51287,49.268967,-123.077555,'Southbound Clark Dr @ E 1st Ave');
INSERT INTO Stop values (51288,49.267558,-123.077527,'Southbound Clark Dr @ E 3rd Ave');
INSERT INTO Stop values (51289,49.264806,-123.07763,'Southbound Clark Dr @ E 6th Ave');
INSERT INTO Stop values (51290,49.262018,-123.07773,'Southbound Clark Dr @ E Broadway');
INSERT INTO Stop values (51291,49.259354,-123.077691,'Southbound Clark Dr @ E 12 Ave');
INSERT INTO Stop values (60709,49.255003,-123.076054,'Southbound Knight St @ E 17 Ave');
INSERT INTO Stop values (51296,49.249651,-123.076243,'Southbound Knight St @ E 23 Ave');
INSERT INTO Stop values (51297,49.248155,-123.076298,'Southbound Knight St @ E King Edward Ave');
INSERT INTO Stop values (51298,49.24614,-123.076373,'Southbound Knight St @ E 27 Ave');
INSERT INTO Stop values (51299,49.244204,-123.076425,'Southbound Knight St @ E 29 Ave');
INSERT INTO Stop values (51300,49.242149,-123.076486,'Southbound Knight St @ E 31 Ave');
INSERT INTO Stop values (51301,49.23988,-123.07656,'Southbound Knight St @ E 33 Ave');
INSERT INTO Stop values (51302,49.238186,-123.076911,'Southbound Knight St @ E 35 Ave');
INSERT INTO Stop values (51303,49.236514,-123.07705,'Southbound Knight St @ E 37 Ave');
INSERT INTO Stop values (51304,49.234472,-123.077104,'Southbound Knight St @ E 39 Ave');
INSERT INTO Stop values (51305,49.232305,-123.077224,'Southbound Knight St @ E 41 Ave');
INSERT INTO Stop values (51306,49.230318,-123.077253,'Southbound Knight St @ E 43 Ave');
INSERT INTO Stop values (51307,49.228692,-123.077321,'Southbound Knight St @ E 45 Ave');
INSERT INTO Stop values (51308,49.227344,-123.077362,'Southbound Knight St @ E 47 Ave');
INSERT INTO Stop values (51309,49.224925,-123.077479,'Southbound Knight St @ E 49 Ave');
INSERT INTO Stop values (51310,49.223084,-123.077505,'Southbound Knight St @ E 51 Ave');
INSERT INTO Stop values (51311,49.221522,-123.077568,'Southbound Knight St @ E 53 Ave');
INSERT INTO Stop values (51313,49.218344,-123.077162,'Southbound Knight St @ E 57 Ave');
INSERT INTO Stop values (51314,49.216969,-123.077184,'Southbound Knight St @ E 58 Ave');
INSERT INTO Stop values (51315,49.215154,-123.077208,'Southbound Knight St @ E 60 Ave');
INSERT INTO Stop values (51316,49.213443,-123.077228,'Southbound Knight St @ E 62 Ave');
INSERT INTO Stop values (51317,49.212389,-123.077238,'Southbound Knight St @ E 63 Ave');
INSERT INTO Stop values (51319,49.206054,-123.077678,'Southbound Knight St @ Mitchell Rd');
INSERT INTO Stop values (51320,49.191598,-123.073404,'Southbound Viking Way @ Bridgeport Rd');
INSERT INTO Stop values (51321,49.187824,-123.073374,'Southbound Viking Way @ Crestwood Place');
INSERT INTO Stop values (51323,49.186906,-123.080211,'Northbound Jacombs Rd @ Rowan Place');
INSERT INTO Stop values (58428,49.280953,-123.013446,'Eastbound Hastings St @ Gilmore Ave');
INSERT INTO Stop values (51381,49.280927,-123.005171,'Eastbound Hastings St @ Willingdon Ave');
INSERT INTO Stop values (50142,49.211565,-123.102035,'Northbound Main St @ SE Marine Dr');
INSERT INTO Stop values (59844,49.214623,-123.101909,'Northbound Main St @ E 62 Ave');
INSERT INTO Stop values (51445,49.236223,-122.955117,'Northbound Canada Way @ Burris St');
INSERT INTO Stop values (50146,49.217015,-123.101819,'Northbound Main St @ E 59 Ave');
INSERT INTO Stop values (50147,49.218788,-123.10174,'Northbound Main St @ E 57 Ave');
INSERT INTO Stop values (51470,49.281212,-123.026407,'Kootenay Loop @ Bay 6');
INSERT INTO Stop values (51479,49.264,-123.243748,'Southbound Wesbrook Mall @ Agronomy Rd');
INSERT INTO Stop values (51483,49.257295,-123.237949,'Southbound Wesbrook Mall @ Hampton Place');
INSERT INTO Stop values (51485,49.258318,-123.221642,'Eastbound W 16 Ave @ Pacific Spirit Park');
INSERT INTO Stop values (51486,49.258259,-123.214903,'Eastbound W 16 Ave @ Blanca St');
INSERT INTO Stop values (51487,49.25819,-123.21185,'Eastbound W 16 Ave @ Tolmie St');
INSERT INTO Stop values (50150,49.223638,-123.101593,'Northbound Main St @ E 51 Ave');
INSERT INTO Stop values (51488,49.258107,-123.205776,'Eastbound W 16 Ave @ Trimble St');
INSERT INTO Stop values (51490,49.257986,-123.197494,'Eastbound W 16 Ave @ Camosun St');
INSERT INTO Stop values (51491,49.257917,-123.193063,'Eastbound W 16 Ave @ Crown St');
INSERT INTO Stop values (51492,49.257833,-123.187544,'Eastbound W 16 Ave @ Highbury St');
INSERT INTO Stop values (51493,49.249918,-123.184491,'Eastbound W King Edward Ave @ Dunbar St');
INSERT INTO Stop values (51495,49.250104,-123.178332,'Eastbound W King Edward Ave @ Blenheim St');
INSERT INTO Stop values (51497,49.250075,-123.172403,'Eastbound W King Edward Ave @ Quesnel Dr');
INSERT INTO Stop values (50151,49.225975,-123.10147,'Northbound Main St @ E 49 Ave');
INSERT INTO Stop values (51498,49.247954,-123.167306,'Eastbound W King Edward Ave @ Puget Dr');
INSERT INTO Stop values (51499,49.248553,-123.162016,'Eastbound W King Edward Ave @ Brakenridge St');
INSERT INTO Stop values (51500,49.249818,-123.158783,'Eastbound W King Edward Ave @ Valley Dr');
INSERT INTO Stop values (51501,49.251217,-123.155187,'Eastbound W King Edward Ave @ Yew St');
INSERT INTO Stop values (51502,49.251448,-123.153365,'Eastbound W King Edward Ave @ Arbutus St');
INSERT INTO Stop values (51503,49.250503,-123.151127,'Eastbound W King Edward Ave @ Maple Cres');
INSERT INTO Stop values (51504,49.249446,-123.148387,'Eastbound W King Edward Ave @ Cypress St');
INSERT INTO Stop values (51505,49.249352,-123.144254,'Eastbound W King Edward Ave @ Marguerite St');
INSERT INTO Stop values (51506,49.249302,-123.141103,'Eastbound W King Edward Ave @ Alexandra St');
INSERT INTO Stop values (51507,49.249267,-123.138678,'Eastbound W King Edward Ave @ Granville St');
INSERT INTO Stop values (59842,49.228719,-123.101386,'Northbound Main St @ E 46 Ave');
INSERT INTO Stop values (51508,49.249192,-123.133894,'Eastbound W King Edward Ave @ Hudson St');
INSERT INTO Stop values (51510,49.24909,-123.127001,'Eastbound W King Edward Ave @ Oak St');
INSERT INTO Stop values (51511,49.248988,-123.121932,'Eastbound W King Edward Ave @ Willow St');
INSERT INTO Stop values (51513,49.248866,-123.114707,'King Edward Station @ Bay 3');
INSERT INTO Stop values (51518,49.248697,-123.100559,'Eastbound E King Edward Ave @ Main St');
INSERT INTO Stop values (51519,49.248638,-123.096185,'Eastbound E King Edward Ave @ Prince Edward St');
INSERT INTO Stop values (51520,49.248609,-123.093688,'Eastbound E King Edward Ave @ St. George St');
INSERT INTO Stop values (51521,49.24856,-123.08963,'Eastbound E King Edward Ave @ Fraser St');
INSERT INTO Stop values (51522,49.248521,-123.085285,'Eastbound E King Edward Ave @ St. Catherines St');
INSERT INTO Stop values (51523,49.248473,-123.081441,'Eastbound E King Edward Ave @ Glen Dr');
INSERT INTO Stop values (51525,49.248429,-123.075675,'Eastbound E King Edward Ave @ Knight St');
INSERT INTO Stop values (51526,49.242099,-123.057651,'Northbound Nanaimo St @ Kingsway');
INSERT INTO Stop values (51527,49.244157,-123.056503,'Northbound Nanaimo St @ Brock St');
INSERT INTO Stop values (50154,49.231454,-123.101306,'Northbound Main St @ E 43 Ave');
INSERT INTO Stop values (51530,49.250567,-123.049111,'Eastbound E 22 Ave @ Slocan St');
INSERT INTO Stop values (51532,49.250553,-123.043474,'Eastbound E 22 Ave @ Boyd Diversion');
INSERT INTO Stop values (51533,49.250535,-123.038654,'Eastbound E 22 Ave @ Lillooet St');
INSERT INTO Stop values (51534,49.250529,-123.033251,'Eastbound E 22 Ave @ Rupert St');
INSERT INTO Stop values (51535,49.250536,-123.030547,'Eastbound E 22 Ave @ Cassiar St');
INSERT INTO Stop values (51536,49.250584,-123.025808,'Eastbound E 22 Ave @ Kootenay St');
INSERT INTO Stop values (51537,49.24878,-123.023043,'Eastbound Kincaid St @ Boundary Rd');
INSERT INTO Stop values (50155,49.233445,-123.101394,'Northbound Main St @ E 41 Ave');
INSERT INTO Stop values (51538,49.248763,-123.019355,'Eastbound Kincaid St @ Smith Ave');
INSERT INTO Stop values (51539,49.248871,-123.01485,'Eastbound Kincaid St @ MacDonald Ave');
INSERT INTO Stop values (58605,49.248286,-123.008625,'Eastbound Sanderson Way @ Gilmore Way');
INSERT INTO Stop values (51541,49.247462,-123.005459,'Eastbound Sanderson Way @ Mathissi Place');
INSERT INTO Stop values (51542,49.251498,-123.004148,'Northbound Willingdon Ave @ Goard Way');
INSERT INTO Stop values (51543,49.254192,-123.004109,'Northbound Willingdon Ave @ Canada Way');
INSERT INTO Stop values (50162,49.235734,-123.101505,'Northbound Main St @ E 39 Ave');
INSERT INTO Stop values (50163,49.23802,-123.101502,'Northbound Main St @ E 36 Ave');
INSERT INTO Stop values (51636,49.234391,-123.03552,'Northbound Joyce St @ Kingsway');
INSERT INTO Stop values (50165,49.241308,-123.101314,'Northbound Main St @ E 33 Ave');
INSERT INTO Stop values (51647,49.22453,-123.03149,'Eastbound E 49 Ave @ Tyne St');
INSERT INTO Stop values (50166,49.243554,-123.101232,'Northbound Main St @ E 30 Ave');
INSERT INTO Stop values (51648,49.223027,-123.027926,'Eastbound E 49 Ave @ Arlington St');
INSERT INTO Stop values (50167,49.245968,-123.101101,'Northbound Main St @ E 28 Ave');
INSERT INTO Stop values (50169,49.249121,-123.100891,'Northbound Main St @ E King Edward Ave');
INSERT INTO Stop values (59836,49.253226,-123.100763,'Northbound Main St @ E 20 Ave');
INSERT INTO Stop values (51694,49.278725,-123.023311,'Northbound Boundary Rd @ Georgia St');
INSERT INTO Stop values (59835,49.255006,-123.100984,'Northbound Main St @ E 18 Ave');
INSERT INTO Stop values (59582,49.258782,-123.100989,'Northbound Main St @ E 14 Ave');
INSERT INTO Stop values (51722,49.238592,-123.032425,'Joyce Station @ Bay 1 Unload Only');
INSERT INTO Stop values (50174,49.260528,-123.100888,'Northbound Main St @ E 12 Ave');
INSERT INTO Stop values (51740,49.26604,-123.023373,'Northbound Boundary Rd @ Lougheed Hwy');
INSERT INTO Stop values (51743,49.272518,-123.02333,'Northbound Boundary Rd @ Kitchener St');
INSERT INTO Stop values (51744,49.274253,-123.023314,'Northbound Boundary Rd @ William St');
INSERT INTO Stop values (51745,49.276981,-123.023311,'Northbound Boundary Rd @ Venables St');
INSERT INTO Stop values (50176,49.263233,-123.100792,'Northbound Main St @ E Broadway');
INSERT INTO Stop values (51746,49.283253,-123.031278,'Northbound Cassiar Connector @ 100 Block');
INSERT INTO Stop values (50177,49.265339,-123.100685,'Northbound Main St @ E 6th Ave');
INSERT INTO Stop values (51761,49.305174,-123.0286,'Phibbs Exchange @ Bay 1');
INSERT INTO Stop values (50178,49.266719,-123.100662,'Northbound Main St @ E 5th Ave');
INSERT INTO Stop values (50179,49.269455,-123.100505,'Northbound Main St @ E 2nd Ave');
INSERT INTO Stop values (50180,49.270803,-123.100432,'Northbound Main St @ Industrial Ave');
INSERT INTO Stop values (50181,49.273395,-123.099831,'Main Street-Science World Station @ Bay 2');
INSERT INTO Stop values (50182,49.275321,-123.099748,'Northbound Main St @ National Ave');
INSERT INTO Stop values (51818,49.244269,-123.045608,'29th Avenue Station @ Bay 1');
INSERT INTO Stop values (50184,49.278968,-123.099607,'Northbound Main St @ E Georgia St');
INSERT INTO Stop values (51832,49.209318,-123.065395,'Eastbound SE Marine Dr @ Victoria Dr');
INSERT INTO Stop values (51833,49.208087,-123.061681,'Eastbound SE Marine Dr @ Gladstone St');
INSERT INTO Stop values (51834,49.207215,-123.059043,'Eastbound SE Marine Dr @ Nanaimo St');
INSERT INTO Stop values (51835,49.207019,-123.056143,'Eastbound SE Marine Dr @ Elliott St');
INSERT INTO Stop values (53391,49.281426,-123.099363,'Westbound E Hastings St @ Main St');
INSERT INTO Stop values (51836,49.207592,-123.047214,'Eastbound SE Marine Dr @ Jellicoe St');
INSERT INTO Stop values (51837,49.207748,-123.044803,'Eastbound SE Marine Dr @ Kerr St');
INSERT INTO Stop values (51838,49.208333,-123.035248,'Eastbound SE Marine Dr @ Fieldstone Ave');
INSERT INTO Stop values (51842,49.286899,-123.12119,'Burrard Station @ Bay 4');
INSERT INTO Stop values (50186,49.281733,-123.105366,'Westbound W Hastings St @ Carrall St');
INSERT INTO Stop values (51846,49.280184,-122.989776,'Eastbound Hastings St @ Hythe Ave');
INSERT INTO Stop values (51849,49.280238,-122.979963,'Eastbound Hastings St @ Holdom Ave');
INSERT INTO Stop values (51851,49.280235,-122.969233,'Eastbound Hastings St @ Kensington Ave');
INSERT INTO Stop values (51856,49.280277,-122.952556,'Eastbound Hastings St @ Duthie Ave');
INSERT INTO Stop values (51857,49.277354,-122.946042,'Eastbound Burnaby Mountain Parkway @ Burnwood Ave');
INSERT INTO Stop values (51858,49.275139,-122.941231,'Eastbound Burnaby Mountain Parkway @ Curtis St');
INSERT INTO Stop values (52806,49.279954,-122.919905,'SFU Transportation Centre @ Bay 2');
INSERT INTO Stop values (50188,49.283085,-123.110279,'Westbound W Hastings St @ Hamilton St');
INSERT INTO Stop values (51882,49.255191,-123.238457,'Westbound W 16 Ave @ Wesbrook Mall');
INSERT INTO Stop values (50190,49.281944,-123.115253,'Southbound Richards St @ Dunsmuir St');
INSERT INTO Stop values (51887,49.236996,-123.204972,'Eastbound SW Marine Dr @ Kullahun Dr');
INSERT INTO Stop values (51888,49.234685,-123.194154,'Eastbound W 41 Ave @ Crown St');
INSERT INTO Stop values (51889,49.234701,-123.190529,'Eastbound W 41 Ave @ Wallace St');
INSERT INTO Stop values (51890,49.234704,-123.187956,'Eastbound W 41 Ave @ Highbury St');
INSERT INTO Stop values (51928,49.273301,-123.246837,'Eastbound Chancellor Blvd @ Western Parkway');
INSERT INTO Stop values (51944,49.232611,-123.18547,'Southbound Dunbar St @ W 43 Ave');
INSERT INTO Stop values (51945,49.231131,-123.185505,'Southbound Dunbar St @ SW Marine Dr');
INSERT INTO Stop values (51946,49.23008,-123.179685,'Eastbound SW Marine Dr @ Blenheim St');
INSERT INTO Stop values (51947,49.228712,-123.175122,'Eastbound SW Marine Dr @ Balaclava St');
INSERT INTO Stop values (51950,49.227269,-123.168448,'Eastbound W 49 Ave @ McCleery St');
INSERT INTO Stop values (51951,49.227223,-123.164688,'Eastbound W 49 Ave @ Marine Cres');
INSERT INTO Stop values (51952,49.227171,-123.160812,'Eastbound W 49 Ave @ Balsam St');
INSERT INTO Stop values (51953,49.227149,-123.15842,'Eastbound W 49 Ave @ Yew St');
INSERT INTO Stop values (51954,49.227103,-123.15547,'Eastbound W 49 Ave @ Arbutus St');
INSERT INTO Stop values (51955,49.227085,-123.153974,'Eastbound W 49 Ave @ East Blvd');
INSERT INTO Stop values (59103,49.227063,-123.151905,'Eastbound W 49 Ave @ Maple St');
INSERT INTO Stop values (51957,49.22701,-123.147554,'Eastbound W 49 Ave @ Angus Dr');
INSERT INTO Stop values (51958,49.226972,-123.144546,'Eastbound W 49 Ave @ Marguerite St');
INSERT INTO Stop values (51959,49.22692,-123.141217,'Eastbound W 49 Ave @ Churchill St');
INSERT INTO Stop values (51960,49.226886,-123.139329,'Eastbound W 49 Ave @ Granville St');
INSERT INTO Stop values (51961,49.226708,-123.134675,'Eastbound W 49 Ave @ Hudson St');
INSERT INTO Stop values (51962,49.226598,-123.131458,'Eastbound W 49 Ave @ Montgomery St');
INSERT INTO Stop values (51963,49.22645,-123.12776,'Eastbound W 49 Ave @ Oak St');
INSERT INTO Stop values (51968,49.225896,-123.112498,'Eastbound W 49 Ave @ Alberta St');
INSERT INTO Stop values (51969,49.22573,-123.107863,'Eastbound W 49 Ave @ Manitoba St');
INSERT INTO Stop values (51970,49.225636,-123.103335,'Eastbound E 49 Ave @ Quebec St');
INSERT INTO Stop values (51971,49.225593,-123.101045,'Eastbound E 49 Ave @ Main St');
INSERT INTO Stop values (51972,49.225514,-123.097041,'Eastbound E 49 Ave @ Prince Edward St');
INSERT INTO Stop values (50199,49.23422,-123.138484,'Eastbound W 41 Ave @ Granville St');
INSERT INTO Stop values (51973,49.225455,-123.093656,'Eastbound E 49 Ave @ St. George St');
INSERT INTO Stop values (51975,49.225406,-123.090264,'Eastbound E 49 Ave @ Fraser St');
INSERT INTO Stop values (51976,49.225373,-123.08761,'Eastbound E 49 Ave @ Prince Albert St');
INSERT INTO Stop values (51977,49.225337,-123.084766,'Eastbound E 49 Ave @ Windsor St');
INSERT INTO Stop values (51978,49.225278,-123.080946,'Eastbound E 49 Ave @ Sherbrooke St');
INSERT INTO Stop values (51979,49.225208,-123.076725,'Eastbound E 49 Ave @ Knight St');
INSERT INTO Stop values (51980,49.225193,-123.074083,'Eastbound E 49 Ave @ Dumfries St');
INSERT INTO Stop values (51981,49.225164,-123.071276,'Eastbound E 49 Ave @ Argyle St');
INSERT INTO Stop values (51982,49.22514,-123.068504,'Eastbound E 49 Ave @ Commercial St');
INSERT INTO Stop values (51983,49.225106,-123.065263,'Eastbound E 49 Ave @ Victoria Dr');
INSERT INTO Stop values (51984,49.225035,-123.061875,'Eastbound E 49 Ave @ Gladstone St');
INSERT INTO Stop values (51985,49.224949,-123.058733,'Eastbound E 49 Ave @ Nanaimo St');
INSERT INTO Stop values (51987,49.224744,-123.054297,'Eastbound E 49 Ave @ Elliott St');
INSERT INTO Stop values (51988,49.22471,-123.049761,'Eastbound E 49 Ave @ Vivian St');
INSERT INTO Stop values (51989,49.224673,-123.045214,'Eastbound E 49 Ave @ Killarney St');
INSERT INTO Stop values (51992,49.222096,-123.025794,'Eastbound E 49 Ave @ Frontenac St');
INSERT INTO Stop values (51993,49.221875,-123.022768,'Eastbound Imperial St @ Boundary Rd');
INSERT INTO Stop values (51994,49.221886,-123.017609,'Eastbound Imperial St @ Mandy Ave');
INSERT INTO Stop values (51998,49.224864,-123.010415,'Northbound Willingdon Ave @ Maywood St');
INSERT INTO Stop values (56125,49.234888,-123.139463,'Northbound Granville St @ W 41 Ave');
INSERT INTO Stop values (50203,49.237418,-123.139374,'Northbound Granville St @ W 38 Ave');
INSERT INTO Stop values (50204,49.239279,-123.13931,'Northbound Granville St @ W 36 Ave');
INSERT INTO Stop values (50205,49.241186,-123.13924,'Northbound Granville St @ W 34 Ave');
INSERT INTO Stop values (50206,49.243144,-123.139178,'Northbound Granville St @ Minto Cres');
INSERT INTO Stop values (52058,49.266459,-123.129345,'Westbound Lameys Mill Rd @ Sitka Square');
INSERT INTO Stop values (52059,49.266831,-123.132521,'Westbound Lameys Mill Rd @ Alder Crossing');
INSERT INTO Stop values (52060,49.267336,-123.134423,'Westbound Lameys Mill Rd @ 1300 Block');
INSERT INTO Stop values (52061,49.26952,-123.138092,'Westbound W 2nd Ave @ Anderson St');
INSERT INTO Stop values (52062,49.269373,-123.140897,'Southbound Fir St @ W 2nd Ave');
INSERT INTO Stop values (50207,49.245722,-123.139081,'Northbound Granville St @ N Connaught Dr');
INSERT INTO Stop values (50208,49.24769,-123.139023,'Northbound Granville St @ Nanton Ave');
INSERT INTO Stop values (52076,49.166433,-123.133202,'Eastbound Cook Rd @ Buswell St');
INSERT INTO Stop values (52077,49.166409,-123.129765,'Eastbound Cook Rd @ Eckersley Rd');
INSERT INTO Stop values (52078,49.166376,-123.125663,'Eastbound Cook Rd @ Pimlico Way');
INSERT INTO Stop values (50021,49.280394,-123.103799,'Eastbound E Pender St @ Carrall St');
INSERT INTO Stop values (50209,49.250127,-123.138924,'Northbound Granville St @ W King Edward Ave');
INSERT INTO Stop values (50210,49.252263,-123.138834,'Northbound Granville St @ Balfour Ave');
INSERT INTO Stop values (58621,49.262833,-123.067725,'Southbound N Grandview Hwy @ E 8th Ave');
INSERT INTO Stop values (52099,49.263212,-123.120173,'Eastbound W Broadway @ Heather St');
INSERT INTO Stop values (50211,49.253467,-123.138804,'Northbound Granville St @ Matthews Ave');
INSERT INTO Stop values (52101,49.262801,-123.10042,'Eastbound E Broadway @ Main St');
INSERT INTO Stop values (50212,49.257367,-123.138663,'Northbound Granville St @ W 16 Ave');
INSERT INTO Stop values (50213,49.25921,-123.138595,'Northbound Granville St @ W 14 Ave');
INSERT INTO Stop values (52126,49.207179,-123.123861,'Eastbound SW Marine Dr @ Heather St');
INSERT INTO Stop values (50214,49.261157,-123.13852,'Northbound Granville St @ W 12 Ave');
INSERT INTO Stop values (52131,49.212198,-123.109277,'Eastbound SW Marine Dr @ Manitoba St');
INSERT INTO Stop values (52132,49.21214,-123.106006,'Eastbound SE Marine Dr @ Ontario St');
INSERT INTO Stop values (52133,49.210807,-123.101511,'Eastbound SE Marine Dr @ Main St');
INSERT INTO Stop values (52134,49.210767,-123.097945,'Eastbound SE Marine Dr @ Prince Edward St');
INSERT INTO Stop values (52135,49.210918,-123.093606,'Eastbound SE Marine Dr @ St. George St');
INSERT INTO Stop values (52136,49.210909,-123.090507,'Eastbound SE Marine Dr @ Fraser St');
INSERT INTO Stop values (52138,49.211036,-123.083514,'Eastbound SE Marine Dr @ Ross St');
INSERT INTO Stop values (52140,49.210925,-123.075122,'Eastbound SE Marine Dr @ Knight St');
INSERT INTO Stop values (52141,49.210911,-123.071659,'Eastbound SE Marine Dr @ Argyle St');
INSERT INTO Stop values (52142,49.209995,-123.067396,'Eastbound SE Marine Dr @ Beatrice St');
INSERT INTO Stop values (52143,49.207971,-123.030512,'Eastbound SE Marine Dr @ Matheson Cres');
INSERT INTO Stop values (52144,49.207927,-123.025837,'Eastbound SE Marine Dr @ City Edge Place');
INSERT INTO Stop values (52145,49.208059,-123.019656,'Eastbound Marine Dr @ Joffre Ave');
INSERT INTO Stop values (52146,49.208273,-123.017485,'Eastbound Marine Dr @ Greenall Ave');
INSERT INTO Stop values (52147,49.209174,-123.011806,'Eastbound Marine Dr @ Patterson Ave');
INSERT INTO Stop values (52148,49.209147,-123.005664,'Eastbound Marine Dr @ Sussex Ave');
INSERT INTO Stop values (52149,49.208071,-123.000545,'Eastbound Marine Dr @ Strathearn Ave');
INSERT INTO Stop values (52150,49.207616,-122.99743,'Eastbound Marine Dr @ Nelson Ave');
INSERT INTO Stop values (59560,49.207204,-122.993675,'Eastbound Marine Dr @ 4900 Block');
INSERT INTO Stop values (52152,49.206681,-122.988226,'Eastbound Marine Dr @ Royal Oak Ave');
INSERT INTO Stop values (58611,49.206193,-122.983643,'Eastbound Marine Dr @ 5500 Block');
INSERT INTO Stop values (52154,49.20562,-122.979134,'Eastbound Marine Dr @ Gilley Ave');
INSERT INTO Stop values (52155,49.204776,-122.971589,'Eastbound Marine Dr @ Willard St');
INSERT INTO Stop values (52159,49.201498,-122.967209,'Southbound Willard St @ 14 Ave');
INSERT INTO Stop values (50217,49.265651,-123.138349,'Northbound Granville St @ W 7th Ave');
INSERT INTO Stop values (52160,49.200344,-122.965752,'Southbound Willard St @ 12 Ave');
INSERT INTO Stop values (52161,49.199059,-122.964164,'Southbound Willard St @ 10 Ave');
INSERT INTO Stop values (52162,49.197409,-122.962107,'Southbound Willard St @ 9th Ave');
INSERT INTO Stop values (52163,49.195953,-122.96035,'Southbound Willard St @ Thorne Ave');
INSERT INTO Stop values (52164,49.19795,-122.953331,'Eastbound Trapp Rd @ Marine Dr');
INSERT INTO Stop values (52217,49.209141,-123.119749,'Westbound SW Marine Dr @ Ash St');
INSERT INTO Stop values (52219,49.206184,-123.126813,'Westbound SW Marine Dr @ Laurel St');
INSERT INTO Stop values (52500,49.224203,-123.000304,'Eastbound Central Blvd @ 4500 Block');
INSERT INTO Stop values (52501,49.224103,-122.997738,'Northbound Bonsor Ave @ Central Blvd');
INSERT INTO Stop values (52502,49.225569,-122.994051,'Northbound Nelson Ave @ Bennett St');
INSERT INTO Stop values (52503,49.227326,-122.994102,'Northbound Nelson Ave @ Newton St');
INSERT INTO Stop values (50253,49.232967,-123.101913,'Eastbound E 41 Ave @ Main St');
INSERT INTO Stop values (52528,49.245817,-122.974513,'Northbound Norland Ave @ Canada Way');
INSERT INTO Stop values (52529,49.248593,-122.974611,'Northbound Norland Ave @ Ledger Ave');
INSERT INTO Stop values (52533,49.261699,-122.966987,'Eastbound Broadway @ Kensington Ave');
INSERT INTO Stop values (52534,49.261458,-122.963811,'Eastbound Broadway @ Sperling Ave');
INSERT INTO Stop values (50268,49.266827,-123.241849,'Eastbound University Blvd @ Allison Rd');
INSERT INTO Stop values (50270,49.265327,-123.235217,'Eastbound University Blvd @ 5300 Block');
INSERT INTO Stop values (52712,49.282214,-123.108834,'Eastbound W Hastings St @ Abbott St');
INSERT INTO Stop values (52713,49.28122,-123.098307,'Eastbound E Hastings St @ Main St');
INSERT INTO Stop values (52714,49.281131,-123.07086,'Eastbound E Hastings St @ Commercial Dr');
INSERT INTO Stop values (50271,49.263486,-123.229095,'Eastbound University Blvd @ 5100 Block');
INSERT INTO Stop values (52716,49.243262,-122.973407,'Bus Loop @ Burnaby City Hall');
INSERT INTO Stop values (50272,49.264289,-123.215067,'Northbound Blanca St @ W 10 Ave');
INSERT INTO Stop values (50276,49.263764,-123.208525,'Eastbound W 10 Ave @ Sasamat St');
INSERT INTO Stop values (52779,49.230747,-122.962885,'Eastbound Burris St @ Leibly Ave');
INSERT INTO Stop values (52780,49.232779,-122.959214,'Eastbound Burris St @ Braemar Ave');
INSERT INTO Stop values (52781,49.234122,-122.956741,'Eastbound Burris St @ Buckingham Ave');
INSERT INTO Stop values (52807,49.278466,-122.912681,'SFU Transit Exchange @ Bay 3');
INSERT INTO Stop values (52883,49.261603,-122.953352,'Northbound Duthie Ave @ Broadway');
INSERT INTO Stop values (52884,49.264556,-122.95332,'Northbound Duthie Ave @ Montecito Dr');
INSERT INTO Stop values (52885,49.26658,-122.953295,'Northbound Duthie Ave @ Sutliff St');
INSERT INTO Stop values (52890,49.273013,-122.953411,'Northbound Duthie Ave @ Greystone Dr');
INSERT INTO Stop values (50030,49.283593,-123.12214,'Northbound Burrard St @ Robson St');
INSERT INTO Stop values (50298,49.235129,-123.185234,'Dunbar Loop @ Bay 6');
INSERT INTO Stop values (50299,49.236747,-123.185216,'Northbound Dunbar St @ W 39 Ave');
INSERT INTO Stop values (52993,49.268274,-122.953426,'Northbound Duthie Ave @ Halifax St');
INSERT INTO Stop values (52994,49.275691,-122.953359,'Northbound Duthie Ave @ Curtis St');
INSERT INTO Stop values (52995,49.278088,-122.953334,'Northbound Duthie Ave @ Union St');
INSERT INTO Stop values (50300,49.238112,-123.185183,'Northbound Dunbar St @ W 38 Ave');
INSERT INTO Stop values (50301,49.239851,-123.185157,'Northbound Dunbar St @ W 36 Ave');
INSERT INTO Stop values (50302,49.241702,-123.185172,'Northbound Dunbar St @ W 34 Ave');
INSERT INTO Stop values (50303,49.244597,-123.185135,'Northbound Dunbar St @ W 31 Ave');
INSERT INTO Stop values (50304,49.245532,-123.185125,'Northbound Dunbar St @ W 30 Ave');
INSERT INTO Stop values (50305,49.247382,-123.185094,'Northbound Dunbar St @ W 28 Ave');
INSERT INTO Stop values (53061,49.229848,-122.993592,'Eastbound Dover St @ Nelson Ave');
INSERT INTO Stop values (53062,49.229774,-122.988023,'Eastbound Oakland St @ Royal Oak Ave');
INSERT INTO Stop values (53063,49.229538,-122.9837,'Eastbound Oakland St @ Denbigh Ave');
INSERT INTO Stop values (53064,49.228906,-122.980245,'Eastbound Oakland St @ Dufferin Ave');
INSERT INTO Stop values (53065,49.22918,-122.97684,'Eastbound Oakland St @ Waltham Ave');
INSERT INTO Stop values (53066,49.229331,-122.971492,'Eastbound Oakland St @ Gilley Ave');
INSERT INTO Stop values (50031,49.284688,-123.120503,'Burrard Station @ Bay 7');
INSERT INTO Stop values (50307,49.250494,-123.185062,'Northbound Dunbar St @ W King Edward Ave');
INSERT INTO Stop values (53067,49.229258,-122.967266,'Eastbound Oakland St @ Brantford Ave');
INSERT INTO Stop values (53068,49.239331,-122.964769,'Southbound Sperling Ave @ Canada Way');
INSERT INTO Stop values (53069,49.240608,-122.967981,'Northbound Deer Lake Ave @ Heritage Village');
INSERT INTO Stop values (53070,49.241855,-122.97213,'Westbound Deer Lake Ave @ Rowan Ave');
INSERT INTO Stop values (50308,49.253177,-123.18504,'Northbound Dunbar St @ W 22 Ave');
INSERT INTO Stop values (53096,49.278484,-122.91279,'SFU Transit Exchange @ Bay 2');
INSERT INTO Stop values (50310,49.256755,-123.185003,'Northbound Dunbar St @ W 18 Ave');
INSERT INTO Stop values (50312,49.260126,-123.184213,'Northbound Dunbar Diversion @ W 14 Ave');
INSERT INTO Stop values (50313,49.261926,-123.185815,'Northbound Alma St @ W 12 Ave');
INSERT INTO Stop values (50314,49.263872,-123.185744,'Northbound Alma St @ W 10 Ave');
INSERT INTO Stop values (50315,49.264278,-123.185239,'Eastbound W Broadway @ Alma St');
INSERT INTO Stop values (60725,49.264225,-123.181429,'Eastbound W Broadway @ Collingwood St');
INSERT INTO Stop values (50319,49.263995,-123.167357,'Eastbound W Broadway @ Macdonald St');
INSERT INTO Stop values (50320,49.263906,-123.164293,'Eastbound W Broadway @ Trafalgar St');
INSERT INTO Stop values (50322,49.263809,-123.157195,'Eastbound W Broadway @ Vine St');
INSERT INTO Stop values (50323,49.263766,-123.154253,'Eastbound W Broadway @ Arbutus St');
INSERT INTO Stop values (50325,49.263611,-123.145163,'Eastbound W Broadway @ Burrard St');
INSERT INTO Stop values (50871,49.263525,-123.140516,'Eastbound W Broadway @ Fir St');
INSERT INTO Stop values (50327,49.263448,-123.134715,'Eastbound W Broadway @ Hemlock St');
INSERT INTO Stop values (50328,49.263381,-123.130979,'Eastbound W Broadway @ Alder St');
INSERT INTO Stop values (50185,49.28144,-123.1003,'Westbound E Hastings St @ Main St');
INSERT INTO Stop values (50187,49.282221,-123.108043,'Westbound W Hastings St @ Abbott St');
INSERT INTO Stop values (50035,49.284786,-123.111191,'Waterfront Station @ Bay 3');
INSERT INTO Stop values (50347,49.268974,-123.21149,'Eastbound W 4th Ave @ Tolmie St');
INSERT INTO Stop values (50349,49.268907,-123.2064,'Eastbound W 4th Ave @ Trimble St');
INSERT INTO Stop values (50350,49.268679,-123.197617,'Eastbound W 4th Ave @ 4100 Block');
INSERT INTO Stop values (50352,49.26852,-123.190183,'Eastbound W 4th Ave @ Wallace St');
INSERT INTO Stop values (50354,49.268538,-123.185205,'Eastbound W 4th Ave @ Alma St');
INSERT INTO Stop values (50036,49.283765,-123.109649,'Eastbound W Cordova St @ Homer St');
INSERT INTO Stop values (50362,49.257067,-123.185245,'Southbound Dunbar St @ W 17 Ave');
INSERT INTO Stop values (50364,49.253446,-123.18526,'Southbound Dunbar St @ W 21 Ave');
INSERT INTO Stop values (50377,49.234677,-123.172505,'Eastbound W 41 Ave @ Carnarvon St');
INSERT INTO Stop values (50389,49.268471,-123.181214,'Eastbound W 4th Ave @ Collingwood St');
INSERT INTO Stop values (50393,49.268274,-123.167779,'Eastbound W 4th Ave @ Macdonald St');
INSERT INTO Stop values (50394,49.268236,-123.164123,'Eastbound W 4th Ave @ Trafalgar St');
INSERT INTO Stop values (50396,49.268188,-123.159306,'Eastbound W 4th Ave @ Balsam St');
INSERT INTO Stop values (50400,49.26793,-123.145082,'Eastbound W 4th Ave @ Burrard St');
INSERT INTO Stop values (50401,49.267853,-123.140145,'Eastbound W 4th Ave @ Fir St');
INSERT INTO Stop values (50403,49.266843,-123.137905,'Westbound W 5th Ave @ Granville St');
INSERT INTO Stop values (50410,49.282211,-123.109799,'Southbound Cambie St @ W Hastings St');
INSERT INTO Stop values (50415,49.256555,-123.115252,'Southbound Cambie St @ W 16 Ave');
INSERT INTO Stop values (50416,49.254674,-123.115282,'Southbound Cambie St @ W 18 Ave');
INSERT INTO Stop values (50418,49.250985,-123.115447,'Southbound Cambie St @ W 22 Ave');
INSERT INTO Stop values (50419,49.248634,-123.115722,'King Edward Station @ Bay 4');
INSERT INTO Stop values (50425,49.282203,-123.098943,'Eastbound E Cordova St @ Main St');
INSERT INTO Stop values (50426,49.282136,-123.094846,'Eastbound E Cordova St @ Dunlevy Ave');
INSERT INTO Stop values (50427,49.282067,-123.091063,'Eastbound E Cordova St @ Princess Ave');
INSERT INTO Stop values (50429,49.282672,-123.081697,'Eastbound Powell St @ Glen Dr');
INSERT INTO Stop values (50431,49.283029,-123.076625,'Eastbound Powell St @ Clark Dr');
INSERT INTO Stop values (50433,49.283885,-123.069837,'Eastbound Powell St @ Commercial Dr');
INSERT INTO Stop values (50435,49.284771,-123.065065,'Eastbound Powell St @ Victoria Dr');
INSERT INTO Stop values (50436,49.284754,-123.061245,'Eastbound Dundas St @ Lakewood Dr');
INSERT INTO Stop values (50437,49.284738,-123.059274,'Eastbound Dundas St @ Templeton Dr');
INSERT INTO Stop values (50451,49.237021,-123.12785,'Northbound Oak St @ W 38 Ave');
INSERT INTO Stop values (50453,49.241748,-123.12769,'Northbound Oak St @ W 33 Ave');
INSERT INTO Stop values (50454,49.244894,-123.127493,'Northbound Oak St @ Devonshire Cres');
INSERT INTO Stop values (50455,49.247506,-123.12749,'Northbound Oak St @ W 27 Ave');
INSERT INTO Stop values (50456,49.249632,-123.127357,'Northbound Oak St @ W King Edward Ave');
INSERT INTO Stop values (50457,49.251967,-123.127311,'Northbound Oak St @ W 22 Ave');
INSERT INTO Stop values (50458,49.253935,-123.127236,'Northbound Oak St @ W 20 Ave');
INSERT INTO Stop values (50459,49.256575,-123.127109,'Northbound Oak St @ W 17 Ave');
INSERT INTO Stop values (50479,49.257158,-123.114908,'Northbound Cambie St @ W 16 Ave');
INSERT INTO Stop values (50481,49.260758,-123.114831,'Northbound Cambie St @ W 12 Ave');
INSERT INTO Stop values (54824,49.20366,-123.135845,'Marpole Loop @ Bay 4');
INSERT INTO Stop values (50218,49.267404,-123.138259,'Northbound Granville St @ W 5th Ave');
INSERT INTO Stop values (50499,49.281362,-123.071174,'Westbound E Hastings St @ Commercial Dr');
INSERT INTO Stop values (50500,49.281378,-123.074606,'Westbound E Hastings St @ McLean Dr');
INSERT INTO Stop values (50501,49.281445,-123.077888,'Westbound E Hastings St @ Clark Dr');
INSERT INTO Stop values (50502,49.281111,-123.081789,'Westbound E Hastings St @ Glen Dr');
INSERT INTO Stop values (50503,49.281155,-123.085249,'Westbound E Hastings St @ Campbell Ave');
INSERT INTO Stop values (50504,49.2812,-123.087667,'Westbound E Hastings St @ Hawks Ave');
INSERT INTO Stop values (50505,49.281282,-123.092019,'Westbound E Hastings St @ Princess Ave');
INSERT INTO Stop values (50506,49.281321,-123.093904,'Westbound E Hastings St @ Jackson Ave');
INSERT INTO Stop values (50507,49.281356,-123.095847,'Westbound E Hastings St @ Dunlevy Ave');
INSERT INTO Stop values (50054,49.257636,-123.175459,'Eastbound W 16 Ave @ Trutch St');
INSERT INTO Stop values (50055,49.257583,-123.17185,'Eastbound W 16 Ave @ Carnarvon St');
INSERT INTO Stop values (50056,49.258079,-123.168299,'Northbound Macdonald St @ W 16 Ave');
INSERT INTO Stop values (50058,49.261778,-123.168164,'Northbound Macdonald St @ W 12 Ave');
INSERT INTO Stop values (50060,49.264458,-123.168174,'Northbound Macdonald St @ W Broadway');
INSERT INTO Stop values (50061,49.266074,-123.168302,'Northbound Macdonald St @ W 7th Ave');
INSERT INTO Stop values (50622,49.279145,-123.116259,'Westbound Robson St @ Hamilton St');
INSERT INTO Stop values (50063,49.268707,-123.168204,'Northbound Macdonald St @ W 4th Ave');
INSERT INTO Stop values (50064,49.270381,-123.168148,'Northbound Macdonald St @ W 2nd Ave');
INSERT INTO Stop values (50639,49.2844,-123.111471,'Southbound Richards St @ W Cordova St');
INSERT INTO Stop values (50640,49.234593,-123.18575,'Dunbar Loop @ Bay 2');
INSERT INTO Stop values (56421,49.126357,-123.18361,'Steveston Exchange @ Bay 2');
INSERT INTO Stop values (56422,49.126861,-123.181116,'Northbound No. 1 Rd @ Chatham St');
INSERT INTO Stop values (56423,49.128707,-123.181137,'Northbound No. 1 Rd @ Richmond St');
INSERT INTO Stop values (56424,49.130667,-123.181158,'Northbound No. 1 Rd @ Georgia St');
INSERT INTO Stop values (56425,49.13419,-123.181213,'Northbound No. 1 Rd @ Steveston Hwy');
INSERT INTO Stop values (56426,49.136348,-123.181233,'Northbound No. 1 Rd @ Fundy Gate');
INSERT INTO Stop values (56427,49.139096,-123.181238,'Northbound No. 1 Rd @ 10200 Block');
INSERT INTO Stop values (56428,49.141388,-123.181261,'Northbound No. 1 Rd @ Williams Rd');
INSERT INTO Stop values (56429,49.143253,-123.181243,'Northbound No. 1 Rd @ Peterson Gate');
INSERT INTO Stop values (56430,49.146236,-123.181176,'Northbound No. 1 Rd @ Osmond Ave');
INSERT INTO Stop values (56431,49.148662,-123.181218,'Northbound No. 1 Rd @ Francis Rd');
INSERT INTO Stop values (56432,49.150592,-123.181142,'Northbound No. 1 Rd @ Youngmore Rd');
INSERT INTO Stop values (56433,49.153619,-123.181039,'Northbound No. 1 Rd @ Pacemore Ave');
INSERT INTO Stop values (56434,49.155986,-123.180967,'Northbound No. 1 Rd @ Blundell Rd');
INSERT INTO Stop values (56435,49.159478,-123.181044,'Northbound No. 1 Rd @ Moresby Dr');
INSERT INTO Stop values (56436,49.163193,-123.181104,'Northbound No. 1 Rd @ Granville Ave');
INSERT INTO Stop values (56437,49.16624,-123.18111,'Northbound No. 1 Rd @ Tucker Ave');
INSERT INTO Stop values (56438,49.170053,-123.180474,'Eastbound Westminster Hwy @ Forsyth Cres');
INSERT INTO Stop values (56439,49.170052,-123.177787,'Eastbound Westminster Hwy @ Gibbons Dr');
INSERT INTO Stop values (56440,49.170058,-123.174395,'Eastbound Westminster Hwy @ Riverdale Dr');
INSERT INTO Stop values (56441,49.17006,-123.169538,'Eastbound Westminster Hwy @ Mccallan Rd');
INSERT INTO Stop values (56442,49.170039,-123.166322,'Eastbound Westminster Hwy @ Tiffany Blvd');
INSERT INTO Stop values (56443,49.170035,-123.163971,'Eastbound Westminster Hwy @ Lynas Lane');
INSERT INTO Stop values (56444,49.170023,-123.158091,'Eastbound Westminster Hwy @ No. 2 Rd');
INSERT INTO Stop values (56445,49.170032,-123.156096,'Eastbound Westminster Hwy @ 6300 Block');
INSERT INTO Stop values (56446,49.170063,-123.15191,'Eastbound Westminster Hwy @ Elmbridge Way');
INSERT INTO Stop values (56447,49.170079,-123.147116,'Eastbound Westminster Hwy @ Gilbert Rd');
INSERT INTO Stop values (56448,49.170083,-123.144084,'Eastbound Westminster Hwy @ Alderbridge Way');
INSERT INTO Stop values (56449,49.170114,-123.139363,'Eastbound Westminster Hwy @ Minoru Blvd');
INSERT INTO Stop values (56451,49.166453,-123.135795,'Eastbound Cook Rd @ No. 3 Rd');
INSERT INTO Stop values (50649,49.232598,-123.076419,'Eastbound E 41 Ave @ Knight St');
INSERT INTO Stop values (56517,49.126496,-123.184059,'Steveston Exchange @ Bay 3');
INSERT INTO Stop values (56518,49.125117,-123.180317,'Eastbound Moncton St @ No. 1 Rd');
INSERT INTO Stop values (56519,49.125098,-123.177225,'Eastbound Moncton St @ 4300 Block');
INSERT INTO Stop values (56520,49.125081,-123.17226,'Eastbound Moncton St @ Phoenix Dr');
INSERT INTO Stop values (56521,49.125066,-123.169304,'Eastbound Moncton St @ Railway Ave');
INSERT INTO Stop values (56522,49.124983,-123.163912,'Eastbound Moncton St @ Trites Rd');
INSERT INTO Stop values (56523,49.12492,-123.159416,'Eastbound Moncton St @ No. 2 Rd');
INSERT INTO Stop values (56524,49.128664,-123.158816,'Northbound No. 2 Rd @ Kittiwake Dr');
INSERT INTO Stop values (56525,49.130162,-123.158818,'Northbound No. 2 Rd @ 11300 Block');
INSERT INTO Stop values (56526,49.13381,-123.15875,'Northbound No. 2 Rd @ Steveston Hwy');
INSERT INTO Stop values (56527,49.135984,-123.158778,'Northbound No. 2 Rd @ Spender Dr');
INSERT INTO Stop values (56528,49.137774,-123.15879,'Northbound No. 2 Rd @ Wallace Rd');
INSERT INTO Stop values (50652,49.233152,-123.065403,'Northbound Victoria Dr @ E 41 Ave');
INSERT INTO Stop values (56529,49.141362,-123.158853,'Northbound No. 2 Rd @ Williams Rd');
INSERT INTO Stop values (56530,49.144158,-123.158844,'Northbound No. 2 Rd @ Woodwards Rd');
INSERT INTO Stop values (56531,49.147058,-123.158842,'Northbound No. 2 Rd @ Maple Rd');
INSERT INTO Stop values (56532,49.1486,-123.158843,'Northbound No. 2 Rd @ Francis Rd');
INSERT INTO Stop values (56533,49.151745,-123.158827,'Northbound No. 2 Rd @ Colville Rd');
INSERT INTO Stop values (56534,49.154495,-123.158813,'Northbound No. 2 Rd @ Blundell Rd');
INSERT INTO Stop values (56535,49.155495,-123.158392,'Eastbound Blundell Rd @ No. 2 Rd');
INSERT INTO Stop values (56536,49.155507,-123.155748,'Eastbound Blundell Rd @ Cheviot Place');
INSERT INTO Stop values (56537,49.155501,-123.152899,'Eastbound Blundell Rd @ 6400 Block');
INSERT INTO Stop values (56538,49.155496,-123.149443,'Eastbound Blundell Rd @ Minler Rd');
INSERT INTO Stop values (50653,49.234784,-123.065348,'Northbound Victoria Dr @ E 39 Ave');
INSERT INTO Stop values (56539,49.155494,-123.147059,'Eastbound Blundell Rd @ Gilbert Rd');
INSERT INTO Stop values (56540,49.155523,-123.143124,'Eastbound Blundell Rd @ Moffatt Rd');
INSERT INTO Stop values (56541,49.155521,-123.139706,'Eastbound Blundell Rd @ Minoru Blvd');
INSERT INTO Stop values (56542,49.156131,-123.136484,'Northbound No. 3 Rd @ Blundell Rd');
INSERT INTO Stop values (56543,49.159604,-123.136477,'Northbound No. 3 Rd @ General Currie Rd');
INSERT INTO Stop values (56544,49.161739,-123.136437,'Northbound No. 3 Rd @ Bennett Rd');
INSERT INTO Stop values (50654,49.236203,-123.065307,'Northbound Victoria Dr @ E 38 Ave');
INSERT INTO Stop values (50655,49.237698,-123.065288,'Northbound Victoria Dr @ E 36 Ave');
INSERT INTO Stop values (50656,49.24032,-123.065188,'Northbound Victoria Dr @ E 33 Ave');
INSERT INTO Stop values (50657,49.241893,-123.065138,'Northbound Victoria Dr @ E 32 Ave');
INSERT INTO Stop values (50658,49.244828,-123.065039,'Northbound Victoria Dr @ Kingsway');
INSERT INTO Stop values (56597,49.133656,-123.075691,'Westbound Steveston Hwy @ Palmberg Rd');
INSERT INTO Stop values (50659,49.244769,-123.064604,'Eastbound Kingsway @ Victoria Dr');
INSERT INTO Stop values (56600,49.133466,-123.092736,'Westbound Steveston Hwy @ No. 5 Rd');
INSERT INTO Stop values (50662,49.24028,-123.053651,'Northbound Slocan St @ Kingsway');
INSERT INTO Stop values (50663,49.241686,-123.052298,'Northbound Slocan St @ Ward St');
INSERT INTO Stop values (56647,49.134875,-123.065049,'Entertainment Blvd @ Riverport Recreation Complex');
INSERT INTO Stop values (50664,49.243511,-123.050495,'Northbound Slocan St @ Euclid Ave');
INSERT INTO Stop values (50668,49.266385,-123.185659,'Northbound Alma St @ W 7th Ave');
INSERT INTO Stop values (50669,49.284388,-123.05668,'Southbound Nanaimo St @ Dundas St');
INSERT INTO Stop values (56702,49.140287,-123.09185,'Southbound No. 5 Rd @ Williams Rd');
INSERT INTO Stop values (56703,49.137692,-123.091992,'Southbound No. 5 Rd @ Seacliff Rd');
INSERT INTO Stop values (56704,49.131837,-123.092268,'Southbound No. 5 Rd @ Steveston Hwy');
INSERT INTO Stop values (50671,49.280782,-123.056725,'Southbound Nanaimo St @ E Hastings St');
INSERT INTO Stop values (56731,49.1265,-123.189251,'Westbound Chatham St @ 5th Ave');
INSERT INTO Stop values (56732,49.126844,-123.191741,'Northbound 7th Ave @ Chatham St');
INSERT INTO Stop values (56733,49.128624,-123.191727,'Northbound 7th Ave @ Richmond St');
INSERT INTO Stop values (56734,49.131834,-123.191727,'Northbound 7th Ave @ Regent St');
INSERT INTO Stop values (50673,49.277149,-123.056711,'Southbound Nanaimo St @ Adanac St');
INSERT INTO Stop values (56748,49.134063,-123.191743,'Northbound Springmont Gate @ Steveston Hwy');
INSERT INTO Stop values (56749,49.135962,-123.191846,'Northbound Springmont Dr @ Springmont Gate');
INSERT INTO Stop values (56750,49.137315,-123.19274,'Northbound Springmont Dr @ Springside Place');
INSERT INTO Stop values (58100,49.139845,-123.191646,'Northbound Springmont Dr @ Springhill Cres');
INSERT INTO Stop values (56752,49.140962,-123.190977,'Eastbound Williams Rd @ Springmont Dr');
INSERT INTO Stop values (56753,49.140979,-123.186546,'Eastbound Williams Rd @ 4th Ave');
INSERT INTO Stop values (56754,49.140988,-123.183774,'Eastbound Williams Rd @ 2nd Ave');
INSERT INTO Stop values (50675,49.27362,-123.056724,'Southbound Nanaimo St @ William St');
INSERT INTO Stop values (56755,49.14097,-123.180386,'Eastbound Williams Rd @ No. 1 Rd');
INSERT INTO Stop values (56756,49.140969,-123.177228,'Eastbound Williams Rd @ Fortune Ave');
INSERT INTO Stop values (56757,49.140964,-123.171279,'Eastbound Williams Rd @ Freshwater Dr');
INSERT INTO Stop values (56758,49.141765,-123.169716,'Northbound Railway Ave @ Williams Rd');
INSERT INTO Stop values (56759,49.144203,-123.169711,'Northbound Railway Ave @ Woodwards Rd');
INSERT INTO Stop values (56760,49.14712,-123.169713,'Northbound Railway Ave @ Maple Rd');
INSERT INTO Stop values (56761,49.148833,-123.169722,'Northbound Railway Ave @ Francis Rd');
INSERT INTO Stop values (56762,49.150292,-123.169723,'Northbound Railway Ave @ 8600 Block');
INSERT INTO Stop values (56763,49.15282,-123.169713,'Northbound Railway Ave @ Colbeck Rd');
INSERT INTO Stop values (56764,49.155951,-123.169712,'Northbound Railway Ave @ Blundell Rd');
INSERT INTO Stop values (56765,49.157325,-123.169717,'Northbound Railway Ave @ Lancing Rd');
INSERT INTO Stop values (56766,49.160607,-123.169736,'Northbound Railway Ave @ Linfield Gate');
INSERT INTO Stop values (56767,49.162614,-123.166709,'Eastbound Granville Ave @ Railway Ave');
INSERT INTO Stop values (56768,49.162616,-123.164344,'Eastbound Granville Ave @ Lynas Lane');
INSERT INTO Stop values (56769,49.162613,-123.161425,'Eastbound Granville Ave @ Ledway Rd');
INSERT INTO Stop values (56770,49.162602,-123.158269,'Eastbound Granville Ave @ No. 2 Rd');
INSERT INTO Stop values (56771,49.162614,-123.152725,'Eastbound Granville Ave @ Azure Gate');
INSERT INTO Stop values (56772,49.162607,-123.149696,'Eastbound Granville Ave @ Livingstone Gate');
INSERT INTO Stop values (56773,49.162608,-123.146919,'Eastbound Granville Ave @ Gilbert Rd');
INSERT INTO Stop values (56774,49.16261,-123.142445,'Eastbound Granville Ave @ Moffatt Rd');
INSERT INTO Stop values (56775,49.162607,-123.139694,'Eastbound Granville Ave @ Minoru Blvd');
INSERT INTO Stop values (50678,49.269138,-123.05673,'Southbound Nanaimo St @ E 1st Ave');
INSERT INTO Stop values (50679,49.267411,-123.056736,'Southbound Nanaimo St @ E 3rd Ave');
INSERT INTO Stop values (50680,49.265535,-123.056743,'Southbound Nanaimo St @ E 5th Ave');
INSERT INTO Stop values (50069,49.272507,-123.154568,'Eastbound Cornwall Ave @ Yew St');
INSERT INTO Stop values (50683,49.261831,-123.056764,'Southbound Nanaimo St @ E Broadway');
INSERT INTO Stop values (56849,49.131088,-123.093785,'Westbound Horseshoe Way @ No. 5 Rd');
INSERT INTO Stop values (50685,49.254756,-123.056762,'Southbound Nanaimo St @ E 17 Ave');
INSERT INTO Stop values (50686,49.252026,-123.056768,'Southbound Nanaimo St @ E 20 Ave');
INSERT INTO Stop values (56867,49.160477,-123.12551,'Southbound Garden City Rd @ Bennett Rd');
INSERT INTO Stop values (56868,49.158853,-123.125492,'Southbound Garden City Rd @ General Currie Rd');
INSERT INTO Stop values (56869,49.156997,-123.125463,'Southbound Garden City Rd @ Jones Rd');
INSERT INTO Stop values (56870,49.155069,-123.125429,'Southbound Garden City Rd @ Blundell Rd');
INSERT INTO Stop values (56871,49.15102,-123.125354,'Southbound Garden City Rd @ Bowcock Rd');
INSERT INTO Stop values (56872,49.14793,-123.125292,'Southbound Garden City Rd @ Francis Rd');
INSERT INTO Stop values (56873,49.145229,-123.125249,'Southbound Garden City Rd @ Glenallan Gate');
INSERT INTO Stop values (56874,49.14325,-123.125279,'Southbound Garden City Rd @ Saunders Rd');
INSERT INTO Stop values (50687,49.250268,-123.056774,'Southbound Nanaimo St @ E 22 Ave');
INSERT INTO Stop values (56876,49.140717,-123.118719,'Eastbound Williams Rd @ Severn Dr');
INSERT INTO Stop values (56877,49.140666,-123.113709,'Eastbound Williams Rd @ No. 4 Rd');
INSERT INTO Stop values (56878,49.140658,-123.108713,'Eastbound Williams Rd @ Aquila Rd');
INSERT INTO Stop values (56879,49.140638,-123.103716,'Eastbound Williams Rd @ Shell Rd');
INSERT INTO Stop values (56880,49.140632,-123.101839,'Eastbound Williams Rd @ Shell Rd');
INSERT INTO Stop values (56881,49.140618,-123.097504,'Eastbound Williams Rd @ Seacote Rd');
INSERT INTO Stop values (50688,49.248412,-123.055476,'Nanaimo Station @ Bay 3');
INSERT INTO Stop values (50690,49.250547,-123.055999,'Eastbound E 22 Ave @ Nanaimo St');
INSERT INTO Stop values (56926,49.184706,-123.073733,'Westbound Cambie Rd @ Viking Way');
INSERT INTO Stop values (50070,49.272471,-123.152226,'Eastbound Cornwall Ave @ Arbutus St');
INSERT INTO Stop values (50072,49.272368,-123.14734,'Eastbound Cornwall Ave @ Cypress St');
INSERT INTO Stop values (50073,49.277226,-123.131783,'Northbound Burrard St @ Pacific St');
INSERT INTO Stop values (50737,49.234424,-123.185469,'Dunbar Loop @ Bay 1');
INSERT INTO Stop values (50739,49.204348,-123.130671,'Eastbound SW Marine Dr @ Oak St');
INSERT INTO Stop values (50740,49.205921,-123.128497,'Northbound Oak Cloverleaf @ SW Marine Dr');
INSERT INTO Stop values (50742,49.208777,-123.13011,'Northbound Oak St @ W 70 Ave');
INSERT INTO Stop values (50075,49.278885,-123.129252,'Northbound Burrard St @ Davie St');
INSERT INTO Stop values (50743,49.211074,-123.130033,'Northbound Oak St @ W 67 Ave');
INSERT INTO Stop values (50745,49.214711,-123.129909,'Northbound Oak St @ Park Dr');
INSERT INTO Stop values (50746,49.217412,-123.129005,'Northbound Oak St @ W 59 Ave');
INSERT INTO Stop values (50747,49.219518,-123.128433,'Northbound Oak St @ W 57 Ave');
INSERT INTO Stop values (50748,49.221798,-123.128353,'Northbound Oak St @ W 54 Ave');
INSERT INTO Stop values (50751,49.226867,-123.128159,'Northbound Oak St @ W 49 Ave');
INSERT INTO Stop values (50752,49.229544,-123.128098,'Northbound Oak St @ W 46 Ave');
INSERT INTO Stop values (50753,49.232346,-123.128003,'Northbound Oak St @ W 43 Ave');
INSERT INTO Stop values (50754,49.23366,-123.127934,'Northbound Oak St @ W 41 Ave');
INSERT INTO Stop values (50755,49.204167,-123.137246,'Westbound SW Marine Dr @ Montcalm St');
INSERT INTO Stop values (50756,49.205047,-123.139869,'Westbound SW Marine Dr @ Granville St');
INSERT INTO Stop values (50758,49.208885,-123.14035,'Northbound Granville St @ W 70 Ave');
INSERT INTO Stop values (50759,49.211168,-123.140317,'Northbound Granville St @ W 67 Ave');
INSERT INTO Stop values (50761,49.215299,-123.140165,'Northbound Granville St @ W 62 Ave');
INSERT INTO Stop values (50077,49.284791,-123.115231,'Eastbound W Pender St @ Granville St');
INSERT INTO Stop values (50763,49.219694,-123.14,'Northbound Granville St @ W 57 Ave');
INSERT INTO Stop values (50764,49.221123,-123.139943,'Northbound Granville St @ W 55 Ave');
INSERT INTO Stop values (50765,49.222949,-123.139886,'Northbound Granville St @ W 53 Ave');
INSERT INTO Stop values (50767,49.227422,-123.139703,'Northbound Granville St @ W 49 Ave');
INSERT INTO Stop values (50769,49.229985,-123.139609,'Northbound Granville St @ W 46 Ave');
INSERT INTO Stop values (50770,49.232803,-123.139507,'Northbound Granville St @ W 43 Ave');
INSERT INTO Stop values (50772,49.262719,-123.098055,'Eastbound E Broadway @ Kingsway');
INSERT INTO Stop values (50078,49.283753,-123.113589,'Eastbound W Pender St @ Seymour St');
INSERT INTO Stop values (50773,49.262454,-123.095524,'Eastbound E Broadway @ Prince Edward St');
INSERT INTO Stop values (50774,49.262402,-123.092514,'Eastbound E Broadway @ St. George St');
INSERT INTO Stop values (50080,49.281799,-123.110618,'Eastbound W Pender St @ Hamilton St');
INSERT INTO Stop values (57938,49.266503,-123.237822,'Eastbound University Blvd @ Acadia Rd');
INSERT INTO Stop values (57944,49.286053,-123.11158,'Waterfront Station Eastbound');
INSERT INTO Stop values (57945,49.278067,-122.846248,'Moody Centre Station Eastbound');
INSERT INTO Stop values (57946,49.273909,-122.800056,'Coquitlam Central Station Eastbound');
INSERT INTO Stop values (57947,49.261481,-122.77402,'Port Coquitlam Station Eastbound');
INSERT INTO Stop values (57948,49.225772,-122.688381,'Pitt Meadows Station Eastbound');
INSERT INTO Stop values (57949,49.216465,-122.666097,'Maple Meadows Station Eastbound');
INSERT INTO Stop values (57950,49.212168,-122.605242,'Port Haney Station Eastbound');
INSERT INTO Stop values (57951,49.133594,-122.30486,'Mission City Station Unload Only');
INSERT INTO Stop values (57960,49.286063,-123.111306,'Waterfront Station Northbound');
INSERT INTO Stop values (57961,49.310116,-123.08323,'Lonsdale Quay Northbound');
INSERT INTO Stop values (57964,49.285907,-123.111578,'Waterfront Station @ Platform 2');
INSERT INTO Stop values (60826,49.285634,-123.119515,'Burrard Station @ Platform 2');
INSERT INTO Stop values (57966,49.283136,-123.115744,'Granville Station @ Platform 2');
INSERT INTO Stop values (57967,49.279178,-123.109213,'Stadium-Chinatown Station @ Platform 2');
INSERT INTO Stop values (57968,49.273099,-123.100399,'Main Street-Science World Station @ Platform 2');
INSERT INTO Stop values (57969,49.262317,-123.069179,'Commercial-Broadway Station @ Platform 4');
INSERT INTO Stop values (57970,49.248283,-123.055904,'Nanaimo Station @ Platform 2');
INSERT INTO Stop values (57971,49.244236,-123.046136,'29th Avenue Station @ Platform 2');
INSERT INTO Stop values (57972,49.238353,-123.031827,'Joyce-Collingwood Station @ Platform 2');
INSERT INTO Stop values (57973,49.229712,-123.012678,'Patterson Station @ Platform 2');
INSERT INTO Stop values (57974,49.225781,-123.00394,'Metrotown Station @ Platform 2');
INSERT INTO Stop values (57975,49.220013,-122.988475,'Royal Oak Station @ Platform 2');
INSERT INTO Stop values (57976,49.211909,-122.959156,'Edmonds Station @ Platform 2');
INSERT INTO Stop values (57977,49.200021,-122.94894,'22nd Street Station @ Platform 2');
INSERT INTO Stop values (57978,49.201406,-122.912573,'New Westminster Station @ Platform 2');
INSERT INTO Stop values (57979,49.204778,-122.906118,'Columbia Station @ Platform 2');
INSERT INTO Stop values (50804,49.2338,-123.126888,'Eastbound W 41 Ave @ Oak St');
INSERT INTO Stop values (50819,49.20453,-123.131063,'Westbound SW Marine Dr @ Oak St');
INSERT INTO Stop values (58051,49.279294,-123.105515,'Eastbound Keefer Place @ Taylor St');
INSERT INTO Stop values (58054,49.266296,-123.120135,'Heather Square @ Bay 2');
INSERT INTO Stop values (58069,49.164174,-123.136423,'Northbound No. 3 Rd @ Park Rd');
INSERT INTO Stop values (50757,49.207431,-123.1404,'Northbound Granville St @ W 71 Ave');
INSERT INTO Stop values (58152,49.133527,-123.087985,'Westbound Steveston Hwy @ Hwy 99');
INSERT INTO Stop values (56598,49.133622,-123.083154,'Westbound Steveston Hwy @ Hwy 99');
INSERT INTO Stop values (51930,49.272894,-123.237649,'Eastbound Chancellor Blvd @ Hamber Rd');
INSERT INTO Stop values (58087,49.265331,-123.069596,'Northbound Commercial Dr @ E 6th Ave');
INSERT INTO Stop values (60803,49.233236,-122.882718,'Braid Station @ Platform 2');
INSERT INTO Stop values (60801,49.224621,-122.889311,'Sapperton Station @ Platform 2');
INSERT INTO Stop values (50852,49.284435,-123.112367,'Westbound W Hastings St @ Richards St');
INSERT INTO Stop values (58183,49.207204,-123.053335,'Eastbound SE Marine Dr @ 2600 Block');
INSERT INTO Stop values (51225,49.268043,-123.06953,'Northbound Commercial Dr @ E 3rd Ave');
INSERT INTO Stop values (58442,49.258896,-122.964007,'Sperling Station @ Bay 2');
INSERT INTO Stop values (60804,49.248549,-122.896879,'Lougheed Town Centre Station @ Platform 2');
INSERT INTO Stop values (60806,49.253465,-122.918191,'Production Way-University Station @ Platform 1');
INSERT INTO Stop values (60805,49.248484,-122.896952,'Lougheed Town Centre Station @ Platform 1');
INSERT INTO Stop values (60807,49.253364,-122.918218,'Production Way-University Station @ Platform 2');
INSERT INTO Stop values (60811,49.259154,-122.963991,'Sperling-Burnaby Lake Station @ Platform 2');
INSERT INTO Stop values (60813,49.264705,-122.982158,'Holdom Station @ Platform 2');
INSERT INTO Stop values (60815,49.266352,-123.001813,'Brentwood Town Centre Station @ Platform 2');
INSERT INTO Stop values (60817,49.264931,-123.013498,'Gilmore Station @ Platform 2');
INSERT INTO Stop values (60819,49.260733,-123.032821,'Rupert Station @ Platform 2');
INSERT INTO Stop values (60821,49.258877,-123.045348,'Renfrew Station @ Platform 2');
INSERT INTO Stop values (60823,49.262912,-123.068491,'Commercial-Broadway Station @ Platform 2');
INSERT INTO Stop values (50873,49.26323,-123.121293,'Eastbound W Broadway @ Willow St');
INSERT INTO Stop values (58290,49.257321,-123.056751,'Southbound Nanaimo St @ Grandview Hwy');
INSERT INTO Stop values (58250,49.140767,-123.124509,'Eastbound Williams Rd @ Garden City Rd');
INSERT INTO Stop values (50880,49.262778,-123.099816,'Eastbound E Broadway @ Kingsway St');
INSERT INTO Stop values (50883,49.262351,-123.084744,'Eastbound E Broadway @ St. Catherines St');
INSERT INTO Stop values (58401,49.259007,-123.044468,'Renfrew Station @ Bay 1');
INSERT INTO Stop values (50884,49.262322,-123.080869,'Eastbound E Broadway @ Glen Dr');
INSERT INTO Stop values (58491,49.26342,-123.069582,'Northbound Commercial Dr @ N Grandview Hwy');
INSERT INTO Stop values (50885,49.262269,-123.076797,'Eastbound E Broadway @ Clark Dr');
INSERT INTO Stop values (50886,49.262258,-123.073194,'Eastbound E Broadway @ Woodland Dr');
INSERT INTO Stop values (50891,49.261889,-123.055558,'Eastbound E Broadway @ Nanaimo St');
INSERT INTO Stop values (50892,49.261916,-123.051333,'Eastbound E Broadway @ Penticton St');
INSERT INTO Stop values (50895,49.261812,-123.043749,'Eastbound E Broadway @ Renfrew St');
INSERT INTO Stop values (58499,49.262263,-123.076191,'Eastbound E Broadway @ Clark Dr');
INSERT INTO Stop values (50899,49.261781,-123.033192,'Eastbound E Broadway @ Rupert St');
INSERT INTO Stop values (58529,49.280892,-123.106976,'Eastbound W Pender St @ Abbott St');
INSERT INTO Stop values (58264,49.261675,-122.960766,'Eastbound Broadway @ Ellerslie Ave');
INSERT INTO Stop values (50934,49.281225,-123.099034,'Eastbound E Hastings St @ Main St');
INSERT INTO Stop values (58718,49.253861,-122.966403,'Northbound Kensington Ave @ Joe Sakic Way');
INSERT INTO Stop values (50936,49.281112,-123.092955,'Eastbound E Hastings St @ Jackson Ave');
INSERT INTO Stop values (50937,49.281081,-123.090971,'Eastbound E Hastings St @ Princess Ave');
INSERT INTO Stop values (50938,49.281005,-123.086654,'Eastbound E Hastings St @ Hawks Ave');
INSERT INTO Stop values (50939,49.280957,-123.084231,'Eastbound E Hastings St @ Campbell Ave');
INSERT INTO Stop values (50940,49.280904,-123.08086,'Eastbound E Hastings St @ Glen Dr');
INSERT INTO Stop values (50941,49.281195,-123.076457,'Eastbound E Hastings St @ Clark Dr');
INSERT INTO Stop values (58283,49.281191,-123.073421,'Eastbound E Hastings St @ McLean Dr');
INSERT INTO Stop values (50943,49.28111,-123.069698,'Eastbound E Hastings St @ Commercial Dr');
INSERT INTO Stop values (60809,49.254609,-122.939183,'Lake City Way Station @ Platform 2');
INSERT INTO Stop values (50944,49.28108,-123.064979,'Eastbound E Hastings St @ Victoria Dr');
INSERT INTO Stop values (50945,49.281063,-123.061265,'Eastbound E Hastings St @ Lakewood Dr');
INSERT INTO Stop values (58037,49.264263,-123.184623,'Eastbound W Broadway @ Alma St');
INSERT INTO Stop values (50946,49.281098,-123.059289,'Eastbound E Hastings St @ Templeton Dr');
INSERT INTO Stop values (50947,49.281059,-123.055828,'Eastbound E Hastings St @ Nanaimo St');
INSERT INTO Stop values (58133,49.213461,-123.140233,'Northbound Granville St @ W 64 Ave');
INSERT INTO Stop values (50948,49.281035,-123.054098,'Eastbound E Hastings St @ Kamloops St');
INSERT INTO Stop values (50949,49.281041,-123.048668,'Eastbound E Hastings St @ Slocan St');
INSERT INTO Stop values (50950,49.281035,-123.046243,'Eastbound E Hastings St @ Kaslo St');
INSERT INTO Stop values (50951,49.281012,-123.043299,'Eastbound E Hastings St @ Renfrew St');
INSERT INTO Stop values (50956,49.281215,-123.028984,'Westbound E Hastings St @ Skeena St');
INSERT INTO Stop values (59317,49.224659,-123.040479,'Eastbound E 49 Ave @ Kerr St');

INSERT INTO PointOfInterest VALUES ('6111 University Blvd Unit 101, Vancouver, BC V6T 0C7','Browns Crafthouse UBC',4.2);
INSERT INTO PointOfInterest VALUES ('6065 University Blvd, Vancouver, BC V6T 0C5','DownLow Chicken',3.8);
INSERT INTO PointOfInterest VALUES ('6111 University Blvd #102, Vancouver, BC V6T 0C7','Kinton Ramen',3.5);
INSERT INTO PointOfInterest VALUES ('6055 University Blvd, Vancouver, BC V6T 0C5','Nori',2.9);
INSERT INTO PointOfInterest VALUES ('6035 University Blvd, Vancouver, BC V6T 0C5','Jamjar',4.1);
INSERT INTO PointOfInterest VALUES ('6025 University Blvd, Vancouver, BC V6T 0C5','Tacomio',3.9);
INSERT INTO PointOfInterest VALUES ('6045 University Blvd, Vancouver, BC V6T 0C5','Uncle Fatih Pizza',4.2);
INSERT INTO PointOfInterest VALUES ('6005 University Blvd, Vancouver, BC V6T 0C4','JJ Bean Coffee Roasters',4.3);
INSERT INTO PointOfInterest VALUES ('6001 University Blvd, Vancouver, BC V6T 0C5','Rain Or Shine',4.6);
INSERT INTO PointOfInterest VALUES ('Vancouver, BC V6T 1Z4','UBC',4.5);
INSERT INTO PointOfInterest VALUES ('8888 University Dr, Burnaby, BC V5A 1S6','SFU',4.2);
INSERT INTO PointOfInterest VALUES ('SW 3, White Ave, Burnaby, BC V5G 3H2','BCIT',2.9);
INSERT INTO PointOfInterest VALUES ('2055 Purcell Way, North Vancouver, BC V7J 3H5','Capilano University',3.9);
INSERT INTO PointOfInterest VALUES ('100 W 49th Ave, Vancouver, BC V5Y 2Z6','Langara',3.9);
INSERT INTO PointOfInterest VALUES ('2845 W 3rd Ave, Vancouver, BC V6K 1M8','Tatlow Park',4.3);
INSERT INTO PointOfInterest VALUES ('5495 Chancellor Blvd, Vancouver, BC V6T 1E4','Pacific Spirit Park',4.2);
INSERT INTO PointOfInterest VALUES ('4600 Cambie St, Vancouver, BC V5Z 2Z1','Queen Elizabeth Park',4.8);
INSERT INTO PointOfInterest VALUES ('Mt Seymour Rd, North Vancouver, BC V7G 1L3','Mount Seymor Provincial Park',4.6);
INSERT INTO PointOfInterest VALUES ('Vancouver, BC V6G 1Z4','Stanley Park',4.4);
INSERT INTO PointOfInterest VALUES ('2901 E Hastings St, Vancouver, BC V5K 5J1','Play Land',4.1);
INSERT INTO PointOfInterest VALUES ('1455 Quebec St, Vancouver, BC V6A 3Z7','Science World',4.6);
INSERT INTO PointOfInterest VALUES ('800 Griffiths Way, Vancouver, BC V6B 6G1','Rogers Arena',1.1);
INSERT INTO PointOfInterest VALUES ('111 W Hastings St, Vancouver, BC V6B 0E6','Public Piano',3.8);
INSERT INTO PointOfInterest VALUES ('4151 Hazelbridge Way #2180, Richmond, BC V6X 0A4','Aberdeen Center',4.0);
INSERT INTO School VALUES ('Vancouver, BC V6T 1Z4','UBC','University',80000);
INSERT INTO School VALUES ('8888 University Dr, Burnaby, BC V5A 1S6','SFU','University',30000);
INSERT INTO School VALUES ('SW 3, White Ave, Burnaby, BC V5G 3H2','BCIT','University',48224);
INSERT INTO School VALUES ('2055 Purcell Way, North Vancouver, BC V7J 3H5','Capilano University','University',7552);
INSERT INTO School VALUES ('100 W 49th Ave, Vancouver, BC V5Y 2Z6','Langara','University',22606);
INSERT INTO HasPlayground VALUES ('CITY','1');
INSERT INTO HasPlayground VALUES ('REGIONAL','0');
INSERT INTO HasPlayground VALUES ('PROVINCIAL','0');
INSERT INTO Park VALUES ('2845 W 3rd Ave, Vancouver, BC V6K 1M8','Tatlow Park','CITY');
INSERT INTO Park VALUES ('5495 Chancellor Blvd, Vancouver, BC V6T 1E4','Pacific Spirit Park','REGIONAL');
INSERT INTO Park VALUES ('4600 Cambie St, Vancouver, BC V5Z 2Z1','Queen Elizabeth Park','CITY');
INSERT INTO Park VALUES ('Mt Seymour Rd, North Vancouver, BC V7G 1L3','Mount Seymor Provincial Park','PROVINCIAL');
INSERT INTO Park VALUES ('Vancouver, BC V6G 1Z4','Stanley Park','CITY');
INSERT INTO Restaurant VALUES ('6111 University Blvd Unit 101, Vancouver, BC V6T 0C7','Browns Crafthouse UBC',50, 'generic');
INSERT INTO Restaurant VALUES ('6065 University Blvd, Vancouver, BC V6T 0C5','DownLow Chicken', 50, 'chicken');
INSERT INTO Restaurant VALUES ('6111 University Blvd #102, Vancouver, BC V6T 0C7','Kinton Ramen', 50, 'Japanese');
INSERT INTO Restaurant VALUES ('6055 University Blvd, Vancouver, BC V6T 0C5','Nori', 50, 'Japanese');
INSERT INTO Restaurant VALUES ('6035 University Blvd, Vancouver, BC V6T 0C5','Jamjar', 50, 'Lebanese');
INSERT INTO Restaurant VALUES ('6025 University Blvd, Vancouver, BC V6T 0C5','Tacomio', 50, 'Mexican');
INSERT INTO Restaurant VALUES ('6045 University Blvd, Vancouver, BC V6T 0C5','Uncle Fatih Pizza', 50, 'Italian');
INSERT INTO Restaurant VALUES ('6005 University Blvd, Vancouver, BC V6T 0C4','JJ Bean Coffee Roasters', 50, 'generic');
INSERT INTO Restaurant VALUES ('6001 University Blvd, Vancouver, BC V6T 0C5','Rain Or Shine', 50, 'Italian');
INSERT INTO Attraction VALUES ('2901 E Hastings St, Vancouver, BC V5K 5J1','Play Land',35,9000);
INSERT INTO Attraction VALUES ('1455 Quebec St, Vancouver, BC V6A 3Z7','Science World',20,2000);
INSERT INTO Attraction VALUES ('800 Griffiths Way, Vancouver, BC V6B 6G1','Rogers Arena',150,18000);
INSERT INTO Attraction VALUES ('111 W Hastings St, Vancouver, BC V6B 0E6','Public Piano',0,1);
INSERT INTO Attraction VALUES ('4151 Hazelbridge Way #2180, Richmond, BC V6X 0A4','Aberdeen Center',30,5000);
INSERT INTO POIClosestTo VALUES ('6111 University Blvd Unit 101, Vancouver, BC V6T 0C7','Browns Crafthouse UBC',61702,1);
INSERT INTO POIClosestTo VALUES ('6065 University Blvd, Vancouver, BC V6T 0C5','DownLow Chicken',61702,1);
INSERT INTO POIClosestTo VALUES ('6111 University Blvd #102, Vancouver, BC V6T 0C7','Kinton Ramen',61702,1);
INSERT INTO POIClosestTo VALUES ('6055 University Blvd, Vancouver, BC V6T 0C5','Nori',61702,1);
INSERT INTO POIClosestTo VALUES ('6035 University Blvd, Vancouver, BC V6T 0C5','Jamjar',61702,1);
INSERT INTO POIClosestTo VALUES ('6025 University Blvd, Vancouver, BC V6T 0C5','Tacomio',61702,1);
INSERT INTO POIClosestTo VALUES ('6045 University Blvd, Vancouver, BC V6T 0C5','Uncle Fatih Pizza',61702,1);
INSERT INTO POIClosestTo VALUES ('6005 University Blvd, Vancouver, BC V6T 0C4','JJ Bean Coffee Roasters',61702,1);
INSERT INTO POIClosestTo VALUES ('6001 University Blvd, Vancouver, BC V6T 0C5','Rain Or Shine',61702,1);
INSERT INTO POIClosestTo VALUES ('Vancouver, BC V6T 1Z4','UBC',61702,1);
INSERT INTO POIClosestTo VALUES ('8888 University Dr, Burnaby, BC V5A 1S6','SFU',53096,1);
INSERT INTO POIClosestTo VALUES ('SW 3, White Ave, Burnaby, BC V5G 3H2','BCIT',60195,10);
INSERT INTO POIClosestTo VALUES ('2055 Purcell Way, North Vancouver, BC V7J 3H5','Capilano University',57961,30);
INSERT INTO POIClosestTo VALUES ('100 W 49th Ave, Vancouver, BC V5Y 2Z6','Langara',51967,1);
INSERT INTO POIClosestTo VALUES ('2845 W 3rd Ave, Vancouver, BC V6K 1M8','Tatlow Park',60571,5);
INSERT INTO POIClosestTo VALUES ('5495 Chancellor Blvd, Vancouver, BC V6T 1E4','Pacific Spirit Park',61702,10);
INSERT INTO POIClosestTo VALUES ('4600 Cambie St, Vancouver, BC V5Z 2Z1','Queen Elizabeth Park',61100,5);
INSERT INTO POIClosestTo VALUES ('Mt Seymour Rd, North Vancouver, BC V7G 1L3','Mount Seymor Provincial Park',57961,60);
INSERT INTO POIClosestTo VALUES ('Vancouver, BC V6G 1Z4','Stanley Park',50031,10);
INSERT INTO POIClosestTo VALUES ('2901 E Hastings St, Vancouver, BC V5K 5J1','Play Land',50951,5);
INSERT INTO POIClosestTo VALUES ('1455 Quebec St, Vancouver, BC V6A 3Z7','Science World',50181,5);
INSERT INTO POIClosestTo VALUES ('800 Griffiths Way, Vancouver, BC V6B 6G1','Rogers Arena',57967,5);
INSERT INTO POIClosestTo VALUES ('111 W Hastings St, Vancouver, BC V6B 0E6','Public Piano',50036,4);
INSERT INTO POIClosestTo VALUES ('4151 Hazelbridge Way #2180, Richmond, BC V6X 0A4','Aberdeen Center',61382,1);

INSERT INTO VehicleType VALUES ('TROLLEY', 80, 75, 14);
INSERT INTO VehicleType VALUES ('BUS', 120, 85, 12);
INSERT INTO VehicleType VALUES ('SEABUS', 30, 175, 15);
INSERT INTO VehicleType VALUES ('RAIL', 130, 375, 60);
INSERT INTO VehicleType VALUES ('METRO', 80, 200, 3);
INSERT INTO VehicleType VALUES ('RAPIDBUS', 90, 120, 4);
INSERT INTO Garage VALUES('Vancouver Trolley',300, 'TROLLEY');
INSERT INTO Garage VALUES('Vancouver Bus',300, 'BUS');
INSERT INTO Garage VALUES('Vancouver Harbor', 3, 'SEABUS');
INSERT INTO Garage VALUES('Coquitlam Rail Yard', 20, 'RAIL');
INSERT INTO Garage VALUES('Burnaby Metro', 100, 'METRO');
INSERT INTO Garage VALUES('Richmond Metro', 20, 'METRO');
INSERT INTO Garage VALUES('Burnaby Long Bus',200,'RAPIDBUS');
INSERT INTO Garage VALUES('Burnaby Bus',300,'BUS');
INSERT INTO Garage VALUES('Richmond Bus', 200, 'BUS');
INSERT INTO Garage VALUES('Richmond Long Bus', 100, 'RAPIDBUS');
INSERT INTO Vehicle (ID, TYPE, ENTEREDSERVICE, SERVICEFREQUENCY, LASTSERVICEDATE, GARAGENAME) VALUES (1, 'BUS', TO_DATE('2015/01/10', 'YYYY/MM/DD'), 7, TO_DATE('2015/08/15', 'YYYY/MM/DD'), 'Richmond Bus');
INSERT INTO Vehicle (ID, TYPE, ENTEREDSERVICE, SERVICEFREQUENCY, LASTSERVICEDATE, GARAGENAME) VALUES (2, 'BUS', TO_DATE('2015/01/10', 'YYYY/MM/DD'), 8, TO_DATE('2015/08/15', 'YYYY/MM/DD'), 'Richmond Bus');
INSERT INTO Vehicle (ID, TYPE, ENTEREDSERVICE, SERVICEFREQUENCY, LASTSERVICEDATE, GARAGENAME) VALUES (3, 'BUS', TO_DATE('2015/01/10', 'YYYY/MM/DD'), 8, TO_DATE('2015/08/15', 'YYYY/MM/DD'), 'Richmond Bus');
INSERT INTO Vehicle (ID, TYPE, ENTEREDSERVICE, SERVICEFREQUENCY, LASTSERVICEDATE, GARAGENAME) VALUES (4, 'RAPIDBUS', TO_DATE('2015/02/09', 'YYYY/MM/DD'), 6, TO_DATE('2015/08/05', 'YYYY/MM/DD'), 'Richmond Long Bus');
INSERT INTO Vehicle (ID, TYPE, ENTEREDSERVICE, SERVICEFREQUENCY, LASTSERVICEDATE, GARAGENAME) VALUES (5, 'RAPIDBUS', TO_DATE('2015/02/09', 'YYYY/MM/DD'), 6, TO_DATE('2015/08/05', 'YYYY/MM/DD'), 'Richmond Long Bus');
INSERT INTO Vehicle (ID, TYPE, ENTEREDSERVICE, SERVICEFREQUENCY, LASTSERVICEDATE, GARAGENAME) VALUES (6, 'RAPIDBUS', TO_DATE('2015/02/09', 'YYYY/MM/DD'), 6, TO_DATE('2015/08/05', 'YYYY/MM/DD'), 'Richmond Long Bus');
INSERT INTO Vehicle (ID, TYPE, ENTEREDSERVICE, SERVICEFREQUENCY, LASTSERVICEDATE, GARAGENAME) VALUES (7, 'BUS', TO_DATE('2015/02/15', 'YYYY/MM/DD'), 8, TO_DATE('2015/10/19', 'YYYY/MM/DD'), 'Vancouver Bus');
INSERT INTO Vehicle (ID, TYPE, ENTEREDSERVICE, SERVICEFREQUENCY, LASTSERVICEDATE, GARAGENAME) VALUES (8, 'BUS', TO_DATE('2015/02/15', 'YYYY/MM/DD'), 8, TO_DATE('2015/10/19', 'YYYY/MM/DD'), 'Vancouver Bus');
INSERT INTO Vehicle (ID, TYPE, ENTEREDSERVICE, SERVICEFREQUENCY, LASTSERVICEDATE, GARAGENAME) VALUES (9, 'BUS', TO_DATE('2015/02/15', 'YYYY/MM/DD'), 8, TO_DATE('2015/10/19', 'YYYY/MM/DD'), 'Vancouver Bus');
INSERT INTO Vehicle (ID, TYPE, ENTEREDSERVICE, SERVICEFREQUENCY, LASTSERVICEDATE, GARAGENAME) VALUES (10, 'BUS', TO_DATE('2015/02/15', 'YYYY/MM/DD'), 8, TO_DATE('2015/10/19', 'YYYY/MM/DD'), 'Vancouver Bus');
INSERT INTO Vehicle (ID, TYPE, ENTEREDSERVICE, SERVICEFREQUENCY, LASTSERVICEDATE, GARAGENAME) VALUES (11, 'BUS', TO_DATE('2015/02/15', 'YYYY/MM/DD'), 8, TO_DATE('2015/10/19', 'YYYY/MM/DD'), 'Vancouver Bus');
INSERT INTO Vehicle (ID, TYPE, ENTEREDSERVICE, SERVICEFREQUENCY, LASTSERVICEDATE, GARAGENAME) VALUES (12, 'BUS', TO_DATE('2015/02/15', 'YYYY/MM/DD'), 8, TO_DATE('2015/10/19', 'YYYY/MM/DD'), 'Vancouver Bus');
INSERT INTO Vehicle (ID, TYPE, ENTEREDSERVICE, SERVICEFREQUENCY, LASTSERVICEDATE, GARAGENAME) VALUES (13, 'RAPIDBUS', TO_DATE('2016/01/23', 'YYYY/MM/DD'), 6, TO_DATE('2016/09/09', 'YYYY/MM/DD'), 'Burnaby Long Bus');
INSERT INTO Vehicle (ID, TYPE, ENTEREDSERVICE, SERVICEFREQUENCY, LASTSERVICEDATE, GARAGENAME) VALUES (14, 'RAPIDBUS', TO_DATE('2016/01/23', 'YYYY/MM/DD'), 6, TO_DATE('2016/09/09', 'YYYY/MM/DD'), 'Burnaby Long Bus');
INSERT INTO Vehicle (ID, TYPE, ENTEREDSERVICE, SERVICEFREQUENCY, LASTSERVICEDATE, GARAGENAME) VALUES (15, 'RAPIDBUS', TO_DATE('2016/01/23', 'YYYY/MM/DD'), 6, TO_DATE('2016/09/09', 'YYYY/MM/DD'), 'Burnaby Long Bus');
INSERT INTO Vehicle (ID, TYPE, ENTEREDSERVICE, SERVICEFREQUENCY, LASTSERVICEDATE, GARAGENAME) VALUES (16, 'RAPIDBUS', TO_DATE('2016/01/23', 'YYYY/MM/DD'), 6, TO_DATE('2016/09/09', 'YYYY/MM/DD'), 'Burnaby Long Bus');
INSERT INTO Vehicle (ID, TYPE, ENTEREDSERVICE, SERVICEFREQUENCY, LASTSERVICEDATE, GARAGENAME) VALUES (17, 'BUS', TO_DATE('2016/11/07', 'YYYY/MM/DD'), 8, TO_DATE('2017/04/05', 'YYYY/MM/DD'), 'Vancouver Bus');
INSERT INTO Vehicle (ID, TYPE, ENTEREDSERVICE, SERVICEFREQUENCY, LASTSERVICEDATE, GARAGENAME) VALUES (18, 'BUS', TO_DATE('2016/11/07', 'YYYY/MM/DD'), 8, TO_DATE('2017/04/05', 'YYYY/MM/DD'), 'Vancouver Bus');
INSERT INTO Vehicle (ID, TYPE, ENTEREDSERVICE, SERVICEFREQUENCY, LASTSERVICEDATE, GARAGENAME) VALUES (19, 'BUS', TO_DATE('2016/11/07', 'YYYY/MM/DD'), 8, TO_DATE('2017/04/05', 'YYYY/MM/DD'), 'Vancouver Bus');
INSERT INTO Vehicle (ID, TYPE, ENTEREDSERVICE, SERVICEFREQUENCY, LASTSERVICEDATE, GARAGENAME) VALUES (20, 'BUS', TO_DATE('2016/11/17', 'YYYY/MM/DD'), 8, TO_DATE('2017/04/05', 'YYYY/MM/DD'), 'Vancouver Bus');
INSERT INTO Vehicle (ID, TYPE, ENTEREDSERVICE, SERVICEFREQUENCY, LASTSERVICEDATE, GARAGENAME) VALUES (21, 'BUS', TO_DATE('2016/11/17', 'YYYY/MM/DD'), 8, TO_DATE('2017/04/05', 'YYYY/MM/DD'), 'Vancouver Bus');
INSERT INTO Vehicle (ID, TYPE, ENTEREDSERVICE, SERVICEFREQUENCY, LASTSERVICEDATE, GARAGENAME) VALUES (22, 'BUS', TO_DATE('2016/11/17', 'YYYY/MM/DD'), 8, TO_DATE('2017/04/05', 'YYYY/MM/DD'), 'Burnaby Bus');
INSERT INTO Vehicle (ID, TYPE, ENTEREDSERVICE, SERVICEFREQUENCY, LASTSERVICEDATE, GARAGENAME) VALUES (23, 'BUS', TO_DATE('2016/11/17', 'YYYY/MM/DD'), 8, TO_DATE('2017/04/05', 'YYYY/MM/DD'), 'Burnaby Bus');
INSERT INTO Vehicle (ID, TYPE, ENTEREDSERVICE, SERVICEFREQUENCY, LASTSERVICEDATE, GARAGENAME) VALUES (24, 'RAPIDBUS', TO_DATE('2019/04/29', 'YYYY/MM/DD'), 6, TO_DATE('2019/12/21', 'YYYY/MM/DD'), 'Burnaby Long Bus');
INSERT INTO Vehicle (ID, TYPE, ENTEREDSERVICE, SERVICEFREQUENCY, LASTSERVICEDATE, GARAGENAME) VALUES (25, 'RAPIDBUS', TO_DATE('2019/04/29', 'YYYY/MM/DD'), 6, TO_DATE('2019/12/21', 'YYYY/MM/DD'), 'Burnaby Long Bus');
INSERT INTO Vehicle (ID, TYPE, ENTEREDSERVICE, SERVICEFREQUENCY, LASTSERVICEDATE, GARAGENAME) VALUES (26, 'TROLLEY', TO_DATE('2012/03/11', 'YYYY/MM/DD'), 6, TO_DATE('2012/10/25', 'YYYY/MM/DD'), 'Vancouver Trolley');
INSERT INTO Vehicle (ID, TYPE, ENTEREDSERVICE, SERVICEFREQUENCY, LASTSERVICEDATE, GARAGENAME) VALUES (27, 'TROLLEY', TO_DATE('2012/03/11', 'YYYY/MM/DD'), 6, TO_DATE('2012/10/25', 'YYYY/MM/DD'), 'Vancouver Trolley');
INSERT INTO Vehicle (ID, TYPE, ENTEREDSERVICE, SERVICEFREQUENCY, LASTSERVICEDATE, GARAGENAME) VALUES (28, 'TROLLEY', TO_DATE('2012/03/11', 'YYYY/MM/DD'), 6, TO_DATE('2012/10/25', 'YYYY/MM/DD'), 'Vancouver Trolley');
INSERT INTO Vehicle (ID, TYPE, ENTEREDSERVICE, SERVICEFREQUENCY, LASTSERVICEDATE, GARAGENAME) VALUES (29, 'TROLLEY', TO_DATE('2012/03/11', 'YYYY/MM/DD'), 6, TO_DATE('2012/10/25', 'YYYY/MM/DD'), 'Vancouver Trolley');
INSERT INTO Vehicle (ID, TYPE, ENTEREDSERVICE, SERVICEFREQUENCY, LASTSERVICEDATE, GARAGENAME) VALUES (30, 'TROLLEY', TO_DATE('2012/03/11', 'YYYY/MM/DD'), 6, TO_DATE('2012/10/25', 'YYYY/MM/DD'), 'Vancouver Trolley');
INSERT INTO Vehicle (ID, TYPE, ENTEREDSERVICE, SERVICEFREQUENCY, LASTSERVICEDATE, GARAGENAME) VALUES (31, 'SEABUS', TO_DATE('1994/02/28', 'YYYY/MM/DD'), 24, TO_DATE('1997/04/30', 'YYYY/MM/DD'), 'Vancouver Harbor');
INSERT INTO Vehicle (ID, TYPE, ENTEREDSERVICE, SERVICEFREQUENCY, LASTSERVICEDATE, GARAGENAME) VALUES (32, 'SEABUS', TO_DATE('1994/02/28', 'YYYY/MM/DD'), 24, TO_DATE('1997/04/30', 'YYYY/MM/DD'), 'Vancouver Harbor');
INSERT INTO Vehicle (ID, TYPE, ENTEREDSERVICE, SERVICEFREQUENCY, LASTSERVICEDATE, GARAGENAME) VALUES (33, 'METRO', TO_DATE('2008/08/03', 'YYYY/MM/DD'), 11, TO_DATE('2009/03/17', 'YYYY/MM/DD'), 'Richmond Metro');
INSERT INTO Vehicle (ID, TYPE, ENTEREDSERVICE, SERVICEFREQUENCY, LASTSERVICEDATE, GARAGENAME) VALUES (34, 'METRO', TO_DATE('2008/08/03', 'YYYY/MM/DD'), 12, TO_DATE('2009/03/17', 'YYYY/MM/DD'), 'Richmond Metro');
INSERT INTO Vehicle (ID, TYPE, ENTEREDSERVICE, SERVICEFREQUENCY, LASTSERVICEDATE, GARAGENAME) VALUES (35, 'METRO', TO_DATE('2008/08/03', 'YYYY/MM/DD'), 16, TO_DATE('2009/03/17', 'YYYY/MM/DD'), 'Richmond Metro');
INSERT INTO Vehicle (ID, TYPE, ENTEREDSERVICE, SERVICEFREQUENCY, LASTSERVICEDATE, GARAGENAME) VALUES (36, 'METRO', TO_DATE('2008/08/03', 'YYYY/MM/DD'), 15, TO_DATE('2009/03/17', 'YYYY/MM/DD'), 'Burnaby Metro');
INSERT INTO Vehicle (ID, TYPE, ENTEREDSERVICE, SERVICEFREQUENCY, LASTSERVICEDATE, GARAGENAME) VALUES (37, 'METRO', TO_DATE('2008/08/03', 'YYYY/MM/DD'), 11, TO_DATE('2009/03/17', 'YYYY/MM/DD'), 'Burnaby Metro');
INSERT INTO Vehicle (ID, TYPE, ENTEREDSERVICE, SERVICEFREQUENCY, LASTSERVICEDATE, GARAGENAME) VALUES (38, 'RAIL', TO_DATE('2008/08/03', 'YYYY/MM/DD'), 19, TO_DATE('2009/03/17', 'YYYY/MM/DD'), 'Coquitlam Rail Yard');
INSERT INTO VehicleLicense (VEHICLEID, VEHICLETYPE, LICENSEDTYPE) VALUES (1, 'BUS', 'Class 1 Bus');
INSERT INTO VehicleLicense (VEHICLEID, VEHICLETYPE, LICENSEDTYPE) VALUES (24, 'RAPIDBUS', 'Class 1 Long Bus');
INSERT INTO VehicleLicense (VEHICLEID, VEHICLETYPE, LICENSEDTYPE) VALUES (26, 'TROLLEY', 'Class 1 Trolley');
INSERT INTO VehicleLicense (VEHICLEID, VEHICLETYPE, LICENSEDTYPE) VALUES (31, 'SEABUS', 'Passenger Vessel - Captain');

INSERT INTO TransitLine values ('033','29th Avenue Station/UBC','Vancouver Bus',60158,51488);
INSERT INTO TransitLine values ('414','Richmond Oval/Brighouse Station','Richmond Bus',61344,56448);
INSERT INTO TransitLine values ('068','UBC Exchange/Wesbrook Village','Vancouver Bus',61044,59587);
INSERT INTO TransitLine values ('406','Richmond Brighouse Station/Steveston','Richmond Bus',56517,58100);
INSERT INTO TransitLine values ('408','Brighouse/Ironwood/Riverport','Richmond Bus',60483,56870);
INSERT INTO TransitLine values ('R5','Hastings Street','Burnaby Long Bus',53312,58428);
INSERT INTO TransitLine values ('R4','41st Ave','Burnaby Long Bus',60162,50136);
INSERT INTO TransitLine values ('002','Macdonald/Downtown','Vancouver Bus',50055,61809);
INSERT INTO TransitLine values ('003','Main/Downtown','Vancouver Trolley',61337,50150);
INSERT INTO TransitLine values ('004','Powell/Downtown/UBC','Vancouver Trolley',61702,50349);
INSERT INTO TransitLine values ('007','Nanaimo Station/Dunbar','Vancouver Trolley',50640,50305);
INSERT INTO TransitLine values ('009','Boundary/Commercial-Broadway/Granville/Alma/UBC','Vancouver Bus',50315,50322);
INSERT INTO TransitLine values ('010','Granville/Downtown','Vancouver Trolley',61337,50757);
INSERT INTO TransitLine values ('015','Cambie/Olympic Village Station','Vancouver Bus',61337,51003);
INSERT INTO TransitLine values ('016','29th Avenue Station/Arbutus','Vancouver Trolley',59042,51017);
INSERT INTO TransitLine values ('017','Downtown/Oak','Vancouver Trolley',61337,50746);
INSERT INTO TransitLine values ('019','Metrotown Station/Stanley Park','Vancouver Trolley',51151,51159);
INSERT INTO TransitLine values ('020','Victoria/Downtown','Vancouver Trolley',51202,51210);
INSERT INTO TransitLine values ('022','Knight/Downtown','Vancouver Bus',51272,51283);
INSERT INTO TransitLine values ('025','Brentwood Station/UBC','Vancouver Bus',60164,51488);
INSERT INTO TransitLine values ('028','Phibbs Exchange/Joyce Station','Vancouver Bus',51743,51761);
INSERT INTO TransitLine values ('044','UBC/Downtown','Burnaby Bus',60160,51941);
INSERT INTO TransitLine values ('049','Metrotown Station/Dunbar Loop/UBC','Richmond Long Bus',60163,51888);
INSERT INTO TransitLine values ('050','Waterfront Station/False Creek South','Vancouver Bus',61040,50403);
INSERT INTO TransitLine values ('084','UBC/VCC-Clark Station','Burnaby Long Bus',60159,50400);
INSERT INTO TransitLine values ('099','Commercial-Broadway/UBC (B-Line)','Burnaby Long Bus',61935,60535);
INSERT INTO TransitLine values ('100','22nd St Station/Marpole Loop','Vancouver Bus',52123,52134);
INSERT INTO TransitLine values ('144','SFU/Metrotown Station','Burnaby Bus',60214,53064);
INSERT INTO TransitLine values ('401','Richmond-Brighouse Station/One Road','Richmond Bus',56421,56429);
INSERT INTO TransitLine values ('402','Two Road/Brighouse Station','Richmond Bus',56421,56525);
INSERT INTO TransitLine values ('403','Bridgeport Station/Three Road','Richmond Bus',56647,56600);
INSERT INTO TransitLine values ('WCE','West Coast Express','Coquitlam Rail Yard',57944,57949);
INSERT INTO TransitLine values ('Canada Line','Canada Line','Richmond Metro',61386,61370);
INSERT INTO TransitLine values ('Millenium Line','Millennium Line','Burnaby Metro',60825,60809);
INSERT INTO TransitLine values ('Expo Line','Expo Line','Burnaby Metro',57964,57972);
INSERT INTO TransitLine values ('SeaBus','SeaBus','Vancouver Harbor',57960,57961);

INSERT INTO LineStops values ('033',60158,1);
INSERT INTO LineStops values ('033',51490,10);
INSERT INTO LineStops values ('033',51491,11);
INSERT INTO LineStops values ('033',51492,12);
INSERT INTO LineStops values ('033',61088,13);
INSERT INTO LineStops values ('033',61089,14);
INSERT INTO LineStops values ('033',50054,15);
INSERT INTO LineStops values ('033',50055,16);
INSERT INTO LineStops values ('033',61090,17);
INSERT INTO LineStops values ('033',61091,18);
INSERT INTO LineStops values ('033',61092,19);
INSERT INTO LineStops values ('033',51479,2);
INSERT INTO LineStops values ('033',61093,20);
INSERT INTO LineStops values ('033',61094,21);
INSERT INTO LineStops values ('033',61095,22);
INSERT INTO LineStops values ('033',61096,23);
INSERT INTO LineStops values ('033',61097,24);
INSERT INTO LineStops values ('033',50415,25);
INSERT INTO LineStops values ('033',50416,26);
INSERT INTO LineStops values ('033',50417,27);
INSERT INTO LineStops values ('033',50418,28);
INSERT INTO LineStops values ('033',50419,29);
INSERT INTO LineStops values ('033',51480,3);
INSERT INTO LineStops values ('033',61099,30);
INSERT INTO LineStops values ('033',61100,31);
INSERT INTO LineStops values ('033',61101,32);
INSERT INTO LineStops values ('033',61150,33);
INSERT INTO LineStops values ('033',61103,34);
INSERT INTO LineStops values ('033',61104,35);
INSERT INTO LineStops values ('033',61105,36);
INSERT INTO LineStops values ('033',61135,37);
INSERT INTO LineStops values ('033',61106,38);
INSERT INTO LineStops values ('033',61107,39);
INSERT INTO LineStops values ('033',51483,4);
INSERT INTO LineStops values ('033',61108,40);
INSERT INTO LineStops values ('033',61109,41);
INSERT INTO LineStops values ('033',50662,42);
INSERT INTO LineStops values ('033',50663,43);
INSERT INTO LineStops values ('033',50664,44);
INSERT INTO LineStops values ('033',51818,45);
INSERT INTO LineStops values ('033',51484,5);
INSERT INTO LineStops values ('033',51485,6);
INSERT INTO LineStops values ('033',51486,7);
INSERT INTO LineStops values ('033',51487,8);
INSERT INTO LineStops values ('033',51488,9);
INSERT INTO LineStops values ('414',61344,1);
INSERT INTO LineStops values ('414',61347,10);
INSERT INTO LineStops values ('414',61348,11);
INSERT INTO LineStops values ('414',61349,12);
INSERT INTO LineStops values ('414',56775,13);
INSERT INTO LineStops values ('414',58069,14);
INSERT INTO LineStops values ('414',60483,15);
INSERT INTO LineStops values ('414',61897,2);
INSERT INTO LineStops values ('414',61346,3);
INSERT INTO LineStops values ('414',56443,4);
INSERT INTO LineStops values ('414',56444,5);
INSERT INTO LineStops values ('414',56445,6);
INSERT INTO LineStops values ('414',56446,7);
INSERT INTO LineStops values ('414',56447,8);
INSERT INTO LineStops values ('414',56448,9);
INSERT INTO LineStops values ('068',61044,1);
INSERT INTO LineStops values ('068',51925,10);
INSERT INTO LineStops values ('068',59957,11);
INSERT INTO LineStops values ('068',59946,12);
INSERT INTO LineStops values ('068',60358,13);
INSERT INTO LineStops values ('068',61579,2);
INSERT INTO LineStops values ('068',61893,3);
INSERT INTO LineStops values ('068',61833,4);
INSERT INTO LineStops values ('068',59942,5);
INSERT INTO LineStops values ('068',59941,6);
INSERT INTO LineStops values ('068',59940,7);
INSERT INTO LineStops values ('068',59964,8);
INSERT INTO LineStops values ('068',59587,9);
INSERT INTO LineStops values ('406',56517,1);
INSERT INTO LineStops values ('406',56752,10);
INSERT INTO LineStops values ('406',56753,11);
INSERT INTO LineStops values ('406',56754,12);
INSERT INTO LineStops values ('406',56755,13);
INSERT INTO LineStops values ('406',56756,14);
INSERT INTO LineStops values ('406',56757,15);
INSERT INTO LineStops values ('406',56758,16);
INSERT INTO LineStops values ('406',56759,17);
INSERT INTO LineStops values ('406',56760,18);
INSERT INTO LineStops values ('406',56761,19);
INSERT INTO LineStops values ('406',56731,2);
INSERT INTO LineStops values ('406',56762,20);
INSERT INTO LineStops values ('406',56763,21);
INSERT INTO LineStops values ('406',56764,22);
INSERT INTO LineStops values ('406',56765,23);
INSERT INTO LineStops values ('406',56766,24);
INSERT INTO LineStops values ('406',56767,25);
INSERT INTO LineStops values ('406',56768,26);
INSERT INTO LineStops values ('406',56769,27);
INSERT INTO LineStops values ('406',56770,28);
INSERT INTO LineStops values ('406',56771,29);
INSERT INTO LineStops values ('406',56732,3);
INSERT INTO LineStops values ('406',56772,30);
INSERT INTO LineStops values ('406',56773,31);
INSERT INTO LineStops values ('406',56774,32);
INSERT INTO LineStops values ('406',56775,33);
INSERT INTO LineStops values ('406',58069,34);
INSERT INTO LineStops values ('406',60482,35);
INSERT INTO LineStops values ('406',56733,4);
INSERT INTO LineStops values ('406',56734,5);
INSERT INTO LineStops values ('406',56748,6);
INSERT INTO LineStops values ('406',56749,7);
INSERT INTO LineStops values ('406',56750,8);
INSERT INTO LineStops values ('406',58100,9);
INSERT INTO LineStops values ('408',60483,1);
INSERT INTO LineStops values ('408',56871,10);
INSERT INTO LineStops values ('408',56872,11);
INSERT INTO LineStops values ('408',56873,12);
INSERT INTO LineStops values ('408',56874,13);
INSERT INTO LineStops values ('408',58250,14);
INSERT INTO LineStops values ('408',56876,15);
INSERT INTO LineStops values ('408',56877,16);
INSERT INTO LineStops values ('408',56878,17);
INSERT INTO LineStops values ('408',56879,18);
INSERT INTO LineStops values ('408',56880,19);
INSERT INTO LineStops values ('408',56451,2);
INSERT INTO LineStops values ('408',56881,20);
INSERT INTO LineStops values ('408',56702,21);
INSERT INTO LineStops values ('408',56703,22);
INSERT INTO LineStops values ('408',61811,23);
INSERT INTO LineStops values ('408',56704,24);
INSERT INTO LineStops values ('408',56849,25);
INSERT INTO LineStops values ('408',52076,3);
INSERT INTO LineStops values ('408',52077,4);
INSERT INTO LineStops values ('408',52078,5);
INSERT INTO LineStops values ('408',56867,6);
INSERT INTO LineStops values ('408',56868,7);
INSERT INTO LineStops values ('408',56869,8);
INSERT INTO LineStops values ('408',56870,9);
INSERT INTO LineStops values ('R5',53312,1);
INSERT INTO LineStops values ('R5',51381,10);
INSERT INTO LineStops values ('R5',51846,11);
INSERT INTO LineStops values ('R5',51849,12);
INSERT INTO LineStops values ('R5',51851,13);
INSERT INTO LineStops values ('R5',51856,14);
INSERT INTO LineStops values ('R5',52806,15);
INSERT INTO LineStops values ('R5',53096,16);
INSERT INTO LineStops values ('R5',51374,2);
INSERT INTO LineStops values ('R5',52712,3);
INSERT INTO LineStops values ('R5',52713,4);
INSERT INTO LineStops values ('R5',52714,5);
INSERT INTO LineStops values ('R5',50947,6);
INSERT INTO LineStops values ('R5',50951,7);
INSERT INTO LineStops values ('R5',60600,8);
INSERT INTO LineStops values ('R5',58428,9);
INSERT INTO LineStops values ('R4',60162,1);
INSERT INTO LineStops values ('R4',50253,10);
INSERT INTO LineStops values ('R4',61503,11);
INSERT INTO LineStops values ('R4',50649,12);
INSERT INTO LineStops values ('R4',51121,13);
INSERT INTO LineStops values ('R4',51124,14);
INSERT INTO LineStops values ('R4',51128,15);
INSERT INTO LineStops values ('R4',51636,16);
INSERT INTO LineStops values ('R4',51722,17);
INSERT INTO LineStops values ('R4',60383,2);
INSERT INTO LineStops values ('R4',51882,3);
INSERT INTO LineStops values ('R4',60393,4);
INSERT INTO LineStops values ('R4',50377,5);
INSERT INTO LineStops values ('R4',60386,6);
INSERT INTO LineStops values ('R4',50199,7);
INSERT INTO LineStops values ('R4',50804,8);
INSERT INTO LineStops values ('R4',50136,9);
INSERT INTO LineStops values ('002',50055,1);
INSERT INTO LineStops values ('002',50067,10);
INSERT INTO LineStops values ('002',50069,11);
INSERT INTO LineStops values ('002',50070,12);
INSERT INTO LineStops values ('002',50072,13);
INSERT INTO LineStops values ('002',50073,14);
INSERT INTO LineStops values ('002',50075,15);
INSERT INTO LineStops values ('002',61759,16);
INSERT INTO LineStops values ('002',60269,17);
INSERT INTO LineStops values ('002',50030,18);
INSERT INTO LineStops values ('002',50031,19);
INSERT INTO LineStops values ('002',50056,2);
INSERT INTO LineStops values ('002',51842,20);
INSERT INTO LineStops values ('002',60359,3);
INSERT INTO LineStops values ('002',50058,4);
INSERT INTO LineStops values ('002',50060,5);
INSERT INTO LineStops values ('002',50061,6);
INSERT INTO LineStops values ('002',50063,7);
INSERT INTO LineStops values ('002',50064,8);
INSERT INTO LineStops values ('002',61809,9);
INSERT INTO LineStops values ('003',61337,1);
INSERT INTO LineStops values ('003',50151,10);
INSERT INTO LineStops values ('003',59842,11);
INSERT INTO LineStops values ('003',50154,12);
INSERT INTO LineStops values ('003',50155,13);
INSERT INTO LineStops values ('003',50162,14);
INSERT INTO LineStops values ('003',50163,15);
INSERT INTO LineStops values ('003',50165,16);
INSERT INTO LineStops values ('003',50166,17);
INSERT INTO LineStops values ('003',50167,18);
INSERT INTO LineStops values ('003',50169,19);
INSERT INTO LineStops values ('003',52131,2);
INSERT INTO LineStops values ('003',59837,20);
INSERT INTO LineStops values ('003',59836,21);
INSERT INTO LineStops values ('003',59835,22);
INSERT INTO LineStops values ('003',59581,23);
INSERT INTO LineStops values ('003',59582,24);
INSERT INTO LineStops values ('003',50174,25);
INSERT INTO LineStops values ('003',50176,26);
INSERT INTO LineStops values ('003',50177,27);
INSERT INTO LineStops values ('003',50178,28);
INSERT INTO LineStops values ('003',50179,29);
INSERT INTO LineStops values ('003',52132,3);
INSERT INTO LineStops values ('003',50180,30);
INSERT INTO LineStops values ('003',50181,31);
INSERT INTO LineStops values ('003',50182,32);
INSERT INTO LineStops values ('003',50184,33);
INSERT INTO LineStops values ('003',50185,34);
INSERT INTO LineStops values ('003',50186,35);
INSERT INTO LineStops values ('003',50187,36);
INSERT INTO LineStops values ('003',50188,37);
INSERT INTO LineStops values ('003',50852,38);
INSERT INTO LineStops values ('003',50035,39);
INSERT INTO LineStops values ('003',50142,4);
INSERT INTO LineStops values ('003',59844,5);
INSERT INTO LineStops values ('003',50146,6);
INSERT INTO LineStops values ('003',50147,7);
INSERT INTO LineStops values ('003',59843,8);
INSERT INTO LineStops values ('003',50150,9);
INSERT INTO LineStops values ('004',61702,1);
INSERT INTO LineStops values ('004',50350,10);
INSERT INTO LineStops values ('004',50352,11);
INSERT INTO LineStops values ('004',50354,12);
INSERT INTO LineStops values ('004',50389,13);
INSERT INTO LineStops values ('004',60570,14);
INSERT INTO LineStops values ('004',60571,15);
INSERT INTO LineStops values ('004',50393,16);
INSERT INTO LineStops values ('004',50394,17);
INSERT INTO LineStops values ('004',50396,18);
INSERT INTO LineStops values ('004',60572,19);
INSERT INTO LineStops values ('004',50268,2);
INSERT INTO LineStops values ('004',61762,20);
INSERT INTO LineStops values ('004',50400,21);
INSERT INTO LineStops values ('004',50401,22);
INSERT INTO LineStops values ('004',50403,23);
INSERT INTO LineStops values ('004',58593,24);
INSERT INTO LineStops values ('004',50220,25);
INSERT INTO LineStops values ('004',58144,26);
INSERT INTO LineStops values ('004',61293,27);
INSERT INTO LineStops values ('004',60993,28);
INSERT INTO LineStops values ('004',58313,29);
INSERT INTO LineStops values ('004',57938,3);
INSERT INTO LineStops values ('004',50034,30);
INSERT INTO LineStops values ('004',50035,31);
INSERT INTO LineStops values ('004',50036,32);
INSERT INTO LineStops values ('004',50410,33);
INSERT INTO LineStops values ('004',50270,4);
INSERT INTO LineStops values ('004',50271,5);
INSERT INTO LineStops values ('004',50272,6);
INSERT INTO LineStops values ('004',60533,7);
INSERT INTO LineStops values ('004',50347,8);
INSERT INTO LineStops values ('004',50349,9);
INSERT INTO LineStops values ('007',50640,1);
INSERT INTO LineStops values ('007',50307,10);
INSERT INTO LineStops values ('007',50308,11);
INSERT INTO LineStops values ('007',50310,12);
INSERT INTO LineStops values ('007',50312,13);
INSERT INTO LineStops values ('007',50313,14);
INSERT INTO LineStops values ('007',50314,15);
INSERT INTO LineStops values ('007',50668,16);
INSERT INTO LineStops values ('007',50354,17);
INSERT INTO LineStops values ('007',50389,18);
INSERT INTO LineStops values ('007',60570,19);
INSERT INTO LineStops values ('007',50298,2);
INSERT INTO LineStops values ('007',60571,20);
INSERT INTO LineStops values ('007',50393,21);
INSERT INTO LineStops values ('007',50394,22);
INSERT INTO LineStops values ('007',50396,23);
INSERT INTO LineStops values ('007',60572,24);
INSERT INTO LineStops values ('007',61762,25);
INSERT INTO LineStops values ('007',50400,26);
INSERT INTO LineStops values ('007',50401,27);
INSERT INTO LineStops values ('007',50403,28);
INSERT INTO LineStops values ('007',58593,29);
INSERT INTO LineStops values ('007',50299,3);
INSERT INTO LineStops values ('007',50220,30);
INSERT INTO LineStops values ('007',58144,31);
INSERT INTO LineStops values ('007',61293,32);
INSERT INTO LineStops values ('007',60993,33);
INSERT INTO LineStops values ('007',58313,34);
INSERT INTO LineStops values ('007',50034,35);
INSERT INTO LineStops values ('007',50035,36);
INSERT INTO LineStops values ('007',50036,37);
INSERT INTO LineStops values ('007',60492,38);
INSERT INTO LineStops values ('007',50425,39);
INSERT INTO LineStops values ('007',50300,4);
INSERT INTO LineStops values ('007',50426,40);
INSERT INTO LineStops values ('007',50427,41);
INSERT INTO LineStops values ('007',60336,42);
INSERT INTO LineStops values ('007',61933,43);
INSERT INTO LineStops values ('007',50429,44);
INSERT INTO LineStops values ('007',50431,45);
INSERT INTO LineStops values ('007',50433,46);
INSERT INTO LineStops values ('007',50435,47);
INSERT INTO LineStops values ('007',50436,48);
INSERT INTO LineStops values ('007',50437,49);
INSERT INTO LineStops values ('007',50301,5);
INSERT INTO LineStops values ('007',50669,50);
INSERT INTO LineStops values ('007',50671,51);
INSERT INTO LineStops values ('007',50673,52);
INSERT INTO LineStops values ('007',50675,53);
INSERT INTO LineStops values ('007',50678,54);
INSERT INTO LineStops values ('007',50679,55);
INSERT INTO LineStops values ('007',50680,56);
INSERT INTO LineStops values ('007',50683,57);
INSERT INTO LineStops values ('007',58290,58);
INSERT INTO LineStops values ('007',50685,59);
INSERT INTO LineStops values ('007',50302,6);
INSERT INTO LineStops values ('007',50686,60);
INSERT INTO LineStops values ('007',50687,61);
INSERT INTO LineStops values ('007',50688,62);
INSERT INTO LineStops values ('007',50303,7);
INSERT INTO LineStops values ('007',50304,8);
INSERT INTO LineStops values ('007',50305,9);
INSERT INTO LineStops values ('009',50315,1);
INSERT INTO LineStops values ('009',50323,10);
INSERT INTO LineStops values ('009',50325,11);
INSERT INTO LineStops values ('009',50871,12);
INSERT INTO LineStops values ('009',50327,13);
INSERT INTO LineStops values ('009',50328,14);
INSERT INTO LineStops values ('009',59431,15);
INSERT INTO LineStops values ('009',50873,16);
INSERT INTO LineStops values ('009',60534,17);
INSERT INTO LineStops values ('009',60006,18);
INSERT INTO LineStops values ('009',50878,19);
INSERT INTO LineStops values ('009',60725,2);
INSERT INTO LineStops values ('009',52101,20);
INSERT INTO LineStops values ('009',50772,21);
INSERT INTO LineStops values ('009',50773,22);
INSERT INTO LineStops values ('009',50774,23);
INSERT INTO LineStops values ('009',58614,24);
INSERT INTO LineStops values ('009',50883,25);
INSERT INTO LineStops values ('009',50884,26);
INSERT INTO LineStops values ('009',50885,27);
INSERT INTO LineStops values ('009',50886,28);
INSERT INTO LineStops values ('009',58491,29);
INSERT INTO LineStops values ('009',60726,3);
INSERT INTO LineStops values ('009',58621,30);
INSERT INTO LineStops values ('009',60727,4);
INSERT INTO LineStops values ('009',60728,5);
INSERT INTO LineStops values ('009',50319,6);
INSERT INTO LineStops values ('009',50320,7);
INSERT INTO LineStops values ('009',50321,8);
INSERT INTO LineStops values ('009',50322,9);
INSERT INTO LineStops values ('010',61337,1);
INSERT INTO LineStops values ('010',50758,10);
INSERT INTO LineStops values ('010',50759,11);
INSERT INTO LineStops values ('010',58133,12);
INSERT INTO LineStops values ('010',50761,13);
INSERT INTO LineStops values ('010',60592,14);
INSERT INTO LineStops values ('010',50763,15);
INSERT INTO LineStops values ('010',50764,16);
INSERT INTO LineStops values ('010',50765,17);
INSERT INTO LineStops values ('010',50767,18);
INSERT INTO LineStops values ('010',50769,19);
INSERT INTO LineStops values ('010',52217,2);
INSERT INTO LineStops values ('010',50770,20);
INSERT INTO LineStops values ('010',56125,21);
INSERT INTO LineStops values ('010',50203,22);
INSERT INTO LineStops values ('010',50204,23);
INSERT INTO LineStops values ('010',50205,24);
INSERT INTO LineStops values ('010',50206,25);
INSERT INTO LineStops values ('010',50207,26);
INSERT INTO LineStops values ('010',50208,27);
INSERT INTO LineStops values ('010',50209,28);
INSERT INTO LineStops values ('010',50210,29);
INSERT INTO LineStops values ('010',51948,3);
INSERT INTO LineStops values ('010',50211,30);
INSERT INTO LineStops values ('010',50212,31);
INSERT INTO LineStops values ('010',50213,32);
INSERT INTO LineStops values ('010',50214,33);
INSERT INTO LineStops values ('010',54826,34);
INSERT INTO LineStops values ('010',50217,35);
INSERT INTO LineStops values ('010',50218,36);
INSERT INTO LineStops values ('010',58593,37);
INSERT INTO LineStops values ('010',50220,38);
INSERT INTO LineStops values ('010',58144,39);
INSERT INTO LineStops values ('010',52219,4);
INSERT INTO LineStops values ('010',61293,40);
INSERT INTO LineStops values ('010',60993,41);
INSERT INTO LineStops values ('010',58313,42);
INSERT INTO LineStops values ('010',50034,43);
INSERT INTO LineStops values ('010',50035,44);
INSERT INTO LineStops values ('010',50639,45);
INSERT INTO LineStops values ('010',50819,5);
INSERT INTO LineStops values ('010',54824,6);
INSERT INTO LineStops values ('010',50755,7);
INSERT INTO LineStops values ('010',50756,8);
INSERT INTO LineStops values ('010',50757,9);
INSERT INTO LineStops values ('015',61337,1);
INSERT INTO LineStops values ('015',50467,10);
INSERT INTO LineStops values ('015',50469,11);
INSERT INTO LineStops values ('015',50471,12);
INSERT INTO LineStops values ('015',61252,13);
INSERT INTO LineStops values ('015',50475,14);
INSERT INTO LineStops values ('015',50476,15);
INSERT INTO LineStops values ('015',50477,16);
INSERT INTO LineStops values ('015',50478,17);
INSERT INTO LineStops values ('015',50479,18);
INSERT INTO LineStops values ('015',50480,19);
INSERT INTO LineStops values ('015',50992,2);
INSERT INTO LineStops values ('015',50481,20);
INSERT INTO LineStops values ('015',61027,21);
INSERT INTO LineStops values ('015',50483,22);
INSERT INTO LineStops values ('015',61040,23);
INSERT INTO LineStops values ('015',50994,3);
INSERT INTO LineStops values ('015',50995,4);
INSERT INTO LineStops values ('015',50996,5);
INSERT INTO LineStops values ('015',50997,6);
INSERT INTO LineStops values ('015',50999,7);
INSERT INTO LineStops values ('015',60996,8);
INSERT INTO LineStops values ('015',51003,9);
INSERT INTO LineStops values ('016',59042,1);
INSERT INTO LineStops values ('016',51018,10);
INSERT INTO LineStops values ('016',51019,11);
INSERT INTO LineStops values ('016',51020,12);
INSERT INTO LineStops values ('016',51021,13);
INSERT INTO LineStops values ('016',51022,14);
INSERT INTO LineStops values ('016',51023,15);
INSERT INTO LineStops values ('016',51024,16);
INSERT INTO LineStops values ('016',51026,17);
INSERT INTO LineStops values ('016',51027,18);
INSERT INTO LineStops values ('016',51028,19);
INSERT INTO LineStops values ('016',51010,2);
INSERT INTO LineStops values ('016',51029,20);
INSERT INTO LineStops values ('016',51030,21);
INSERT INTO LineStops values ('016',51032,22);
INSERT INTO LineStops values ('016',58723,23);
INSERT INTO LineStops values ('016',51034,24);
INSERT INTO LineStops values ('016',60408,25);
INSERT INTO LineStops values ('016',60409,26);
INSERT INTO LineStops values ('016',60411,27);
INSERT INTO LineStops values ('016',50214,28);
INSERT INTO LineStops values ('016',54826,29);
INSERT INTO LineStops values ('016',51011,3);
INSERT INTO LineStops values ('016',50217,30);
INSERT INTO LineStops values ('016',50218,31);
INSERT INTO LineStops values ('016',58593,32);
INSERT INTO LineStops values ('016',50220,33);
INSERT INTO LineStops values ('016',58144,34);
INSERT INTO LineStops values ('016',61293,35);
INSERT INTO LineStops values ('016',60993,36);
INSERT INTO LineStops values ('016',58313,37);
INSERT INTO LineStops values ('016',50078,38);
INSERT INTO LineStops values ('016',50080,39);
INSERT INTO LineStops values ('016',51012,4);
INSERT INTO LineStops values ('016',58529,40);
INSERT INTO LineStops values ('016',50021,41);
INSERT INTO LineStops values ('016',50934,42);
INSERT INTO LineStops values ('016',60604,43);
INSERT INTO LineStops values ('016',50936,44);
INSERT INTO LineStops values ('016',50937,45);
INSERT INTO LineStops values ('016',50938,46);
INSERT INTO LineStops values ('016',50939,47);
INSERT INTO LineStops values ('016',50940,48);
INSERT INTO LineStops values ('016',50941,49);
INSERT INTO LineStops values ('016',51013,5);
INSERT INTO LineStops values ('016',58283,50);
INSERT INTO LineStops values ('016',50943,51);
INSERT INTO LineStops values ('016',50944,52);
INSERT INTO LineStops values ('016',50945,53);
INSERT INTO LineStops values ('016',50946,54);
INSERT INTO LineStops values ('016',50947,55);
INSERT INTO LineStops values ('016',50948,56);
INSERT INTO LineStops values ('016',50949,57);
INSERT INTO LineStops values ('016',50950,58);
INSERT INTO LineStops values ('016',51037,59);
INSERT INTO LineStops values ('016',51014,6);
INSERT INTO LineStops values ('016',51038,60);
INSERT INTO LineStops values ('016',51039,61);
INSERT INTO LineStops values ('016',51040,62);
INSERT INTO LineStops values ('016',51041,63);
INSERT INTO LineStops values ('016',51042,64);
INSERT INTO LineStops values ('016',51043,65);
INSERT INTO LineStops values ('016',51044,66);
INSERT INTO LineStops values ('016',51045,67);
INSERT INTO LineStops values ('016',58401,68);
INSERT INTO LineStops values ('016',51048,69);
INSERT INTO LineStops values ('016',51015,7);
INSERT INTO LineStops values ('016',51049,70);
INSERT INTO LineStops values ('016',51050,71);
INSERT INTO LineStops values ('016',51051,72);
INSERT INTO LineStops values ('016',51052,73);
INSERT INTO LineStops values ('016',51053,74);
INSERT INTO LineStops values ('016',51054,75);
INSERT INTO LineStops values ('016',51055,76);
INSERT INTO LineStops values ('016',51056,77);
INSERT INTO LineStops values ('016',51016,8);
INSERT INTO LineStops values ('016',51017,9);
INSERT INTO LineStops values ('017',61337,1);
INSERT INTO LineStops values ('017',50747,10);
INSERT INTO LineStops values ('017',50748,11);
INSERT INTO LineStops values ('017',50751,12);
INSERT INTO LineStops values ('017',50752,13);
INSERT INTO LineStops values ('017',50753,14);
INSERT INTO LineStops values ('017',50754,15);
INSERT INTO LineStops values ('017',50451,16);
INSERT INTO LineStops values ('017',50453,17);
INSERT INTO LineStops values ('017',50454,18);
INSERT INTO LineStops values ('017',50455,19);
INSERT INTO LineStops values ('017',52217,2);
INSERT INTO LineStops values ('017',50456,20);
INSERT INTO LineStops values ('017',50457,21);
INSERT INTO LineStops values ('017',50458,22);
INSERT INTO LineStops values ('017',50459,23);
INSERT INTO LineStops values ('017',60413,24);
INSERT INTO LineStops values ('017',60414,25);
INSERT INTO LineStops values ('017',60416,26);
INSERT INTO LineStops values ('017',50481,27);
INSERT INTO LineStops values ('017',61027,28);
INSERT INTO LineStops values ('017',50483,29);
INSERT INTO LineStops values ('017',51948,3);
INSERT INTO LineStops values ('017',61810,30);
INSERT INTO LineStops values ('017',50622,31);
INSERT INTO LineStops values ('017',52219,4);
INSERT INTO LineStops values ('017',50740,5);
INSERT INTO LineStops values ('017',50742,6);
INSERT INTO LineStops values ('017',50743,7);
INSERT INTO LineStops values ('017',50745,8);
INSERT INTO LineStops values ('017',50746,9);
INSERT INTO LineStops values ('019',51151,1);
INSERT INTO LineStops values ('019',51160,10);
INSERT INTO LineStops values ('019',51161,11);
INSERT INTO LineStops values ('019',51162,12);
INSERT INTO LineStops values ('019',51163,13);
INSERT INTO LineStops values ('019',51164,14);
INSERT INTO LineStops values ('019',51152,2);
INSERT INTO LineStops values ('019',51153,3);
INSERT INTO LineStops values ('019',51154,4);
INSERT INTO LineStops values ('019',51155,5);
INSERT INTO LineStops values ('019',51156,6);
INSERT INTO LineStops values ('019',51157,7);
INSERT INTO LineStops values ('019',51158,8);
INSERT INTO LineStops values ('019',51159,9);
INSERT INTO LineStops values ('020',51202,1);
INSERT INTO LineStops values ('020',51211,10);
INSERT INTO LineStops values ('020',51212,11);
INSERT INTO LineStops values ('020',50652,12);
INSERT INTO LineStops values ('020',50653,13);
INSERT INTO LineStops values ('020',50654,14);
INSERT INTO LineStops values ('020',50655,15);
INSERT INTO LineStops values ('020',50656,16);
INSERT INTO LineStops values ('020',50657,17);
INSERT INTO LineStops values ('020',50658,18);
INSERT INTO LineStops values ('020',51213,19);
INSERT INTO LineStops values ('020',51203,2);
INSERT INTO LineStops values ('020',51215,20);
INSERT INTO LineStops values ('020',51216,21);
INSERT INTO LineStops values ('020',51217,22);
INSERT INTO LineStops values ('020',51219,23);
INSERT INTO LineStops values ('020',51220,24);
INSERT INTO LineStops values ('020',58327,25);
INSERT INTO LineStops values ('020',58087,26);
INSERT INTO LineStops values ('020',51225,27);
INSERT INTO LineStops values ('020',51226,28);
INSERT INTO LineStops values ('020',51227,29);
INSERT INTO LineStops values ('020',51204,3);
INSERT INTO LineStops values ('020',51228,30);
INSERT INTO LineStops values ('020',51229,31);
INSERT INTO LineStops values ('020',51231,32);
INSERT INTO LineStops values ('020',51232,33);
INSERT INTO LineStops values ('020',51233,34);
INSERT INTO LineStops values ('020',50499,35);
INSERT INTO LineStops values ('020',50500,36);
INSERT INTO LineStops values ('020',50501,37);
INSERT INTO LineStops values ('020',50502,38);
INSERT INTO LineStops values ('020',50503,39);
INSERT INTO LineStops values ('020',51205,4);
INSERT INTO LineStops values ('020',50504,40);
INSERT INTO LineStops values ('020',50505,41);
INSERT INTO LineStops values ('020',50506,42);
INSERT INTO LineStops values ('020',50507,43);
INSERT INTO LineStops values ('020',53391,44);
INSERT INTO LineStops values ('020',50186,45);
INSERT INTO LineStops values ('020',50187,46);
INSERT INTO LineStops values ('020',50188,47);
INSERT INTO LineStops values ('020',60602,48);
INSERT INTO LineStops values ('020',50190,49);
INSERT INTO LineStops values ('020',51206,5);
INSERT INTO LineStops values ('020',51207,6);
INSERT INTO LineStops values ('020',51208,7);
INSERT INTO LineStops values ('020',51209,8);
INSERT INTO LineStops values ('020',51210,9);
INSERT INTO LineStops values ('022',51272,1);
INSERT INTO LineStops values ('022',51284,10);
INSERT INTO LineStops values ('022',51285,11);
INSERT INTO LineStops values ('022',51286,12);
INSERT INTO LineStops values ('022',51287,13);
INSERT INTO LineStops values ('022',51288,14);
INSERT INTO LineStops values ('022',51289,15);
INSERT INTO LineStops values ('022',51290,16);
INSERT INTO LineStops values ('022',51291,17);
INSERT INTO LineStops values ('022',60709,18);
INSERT INTO LineStops values ('022',60681,19);
INSERT INTO LineStops values ('022',51273,2);
INSERT INTO LineStops values ('022',51296,20);
INSERT INTO LineStops values ('022',51297,21);
INSERT INTO LineStops values ('022',51298,22);
INSERT INTO LineStops values ('022',51299,23);
INSERT INTO LineStops values ('022',51300,24);
INSERT INTO LineStops values ('022',51301,25);
INSERT INTO LineStops values ('022',51302,26);
INSERT INTO LineStops values ('022',51303,27);
INSERT INTO LineStops values ('022',51304,28);
INSERT INTO LineStops values ('022',51305,29);
INSERT INTO LineStops values ('022',51274,3);
INSERT INTO LineStops values ('022',51306,30);
INSERT INTO LineStops values ('022',51307,31);
INSERT INTO LineStops values ('022',51308,32);
INSERT INTO LineStops values ('022',51309,33);
INSERT INTO LineStops values ('022',51310,34);
INSERT INTO LineStops values ('022',51311,35);
INSERT INTO LineStops values ('022',51313,36);
INSERT INTO LineStops values ('022',51314,37);
INSERT INTO LineStops values ('022',51315,38);
INSERT INTO LineStops values ('022',51316,39);
INSERT INTO LineStops values ('022',51278,4);
INSERT INTO LineStops values ('022',51317,40);
INSERT INTO LineStops values ('022',51319,41);
INSERT INTO LineStops values ('022',51320,42);
INSERT INTO LineStops values ('022',51321,43);
INSERT INTO LineStops values ('022',56926,44);
INSERT INTO LineStops values ('022',51323,45);
INSERT INTO LineStops values ('022',51279,5);
INSERT INTO LineStops values ('022',51280,6);
INSERT INTO LineStops values ('022',51281,7);
INSERT INTO LineStops values ('022',51282,8);
INSERT INTO LineStops values ('022',51283,9);
INSERT INTO LineStops values ('025',60164,1);
INSERT INTO LineStops values ('025',51490,10);
INSERT INTO LineStops values ('025',51491,11);
INSERT INTO LineStops values ('025',51492,12);
INSERT INTO LineStops values ('025',50362,13);
INSERT INTO LineStops values ('025',50364,14);
INSERT INTO LineStops values ('025',51493,15);
INSERT INTO LineStops values ('025',51495,16);
INSERT INTO LineStops values ('025',51497,17);
INSERT INTO LineStops values ('025',51498,18);
INSERT INTO LineStops values ('025',51499,19);
INSERT INTO LineStops values ('025',51479,2);
INSERT INTO LineStops values ('025',51500,20);
INSERT INTO LineStops values ('025',51501,21);
INSERT INTO LineStops values ('025',51502,22);
INSERT INTO LineStops values ('025',51503,23);
INSERT INTO LineStops values ('025',51504,24);
INSERT INTO LineStops values ('025',51505,25);
INSERT INTO LineStops values ('025',51506,26);
INSERT INTO LineStops values ('025',51507,27);
INSERT INTO LineStops values ('025',51508,28);
INSERT INTO LineStops values ('025',51510,29);
INSERT INTO LineStops values ('025',51480,3);
INSERT INTO LineStops values ('025',51511,30);
INSERT INTO LineStops values ('025',51513,31);
INSERT INTO LineStops values ('025',60335,32);
INSERT INTO LineStops values ('025',51518,33);
INSERT INTO LineStops values ('025',51519,34);
INSERT INTO LineStops values ('025',51520,35);
INSERT INTO LineStops values ('025',51521,36);
INSERT INTO LineStops values ('025',51522,37);
INSERT INTO LineStops values ('025',51523,38);
INSERT INTO LineStops values ('025',51525,39);
INSERT INTO LineStops values ('025',51483,4);
INSERT INTO LineStops values ('025',51144,40);
INSERT INTO LineStops values ('025',51145,41);
INSERT INTO LineStops values ('025',50659,42);
INSERT INTO LineStops values ('025',61990,43);
INSERT INTO LineStops values ('025',51526,44);
INSERT INTO LineStops values ('025',51527,45);
INSERT INTO LineStops values ('025',60314,46);
INSERT INTO LineStops values ('025',50690,47);
INSERT INTO LineStops values ('025',51530,48);
INSERT INTO LineStops values ('025',51532,49);
INSERT INTO LineStops values ('025',51484,5);
INSERT INTO LineStops values ('025',51533,50);
INSERT INTO LineStops values ('025',51534,51);
INSERT INTO LineStops values ('025',51535,52);
INSERT INTO LineStops values ('025',51536,53);
INSERT INTO LineStops values ('025',51537,54);
INSERT INTO LineStops values ('025',51538,55);
INSERT INTO LineStops values ('025',51539,56);
INSERT INTO LineStops values ('025',58605,57);
INSERT INTO LineStops values ('025',51541,58);
INSERT INTO LineStops values ('025',51542,59);
INSERT INTO LineStops values ('025',51485,6);
INSERT INTO LineStops values ('025',51543,60);
INSERT INTO LineStops values ('025',61259,61);
INSERT INTO LineStops values ('025',52728,62);
INSERT INTO LineStops values ('025',60516,63);
INSERT INTO LineStops values ('025',51486,7);
INSERT INTO LineStops values ('025',51487,8);
INSERT INTO LineStops values ('025',51488,9);
INSERT INTO LineStops values ('028',51743,1);
INSERT INTO LineStops values ('028',51744,2);
INSERT INTO LineStops values ('028',51745,3);
INSERT INTO LineStops values ('028',51694,4);
INSERT INTO LineStops values ('028',51470,5);
INSERT INTO LineStops values ('028',50956,6);
INSERT INTO LineStops values ('028',51746,7);
INSERT INTO LineStops values ('028',51761,8);
INSERT INTO LineStops values ('044',60160,1);
INSERT INTO LineStops values ('044',50075,10);
INSERT INTO LineStops values ('044',61759,11);
INSERT INTO LineStops values ('044',50030,12);
INSERT INTO LineStops values ('044',50031,13);
INSERT INTO LineStops values ('044',50077,14);
INSERT INTO LineStops values ('044',50408,15);
INSERT INTO LineStops values ('044',51928,2);
INSERT INTO LineStops values ('044',51930,3);
INSERT INTO LineStops values ('044',50347,4);
INSERT INTO LineStops values ('044',50350,5);
INSERT INTO LineStops values ('044',50354,6);
INSERT INTO LineStops values ('044',50393,7);
INSERT INTO LineStops values ('044',60572,8);
INSERT INTO LineStops values ('044',51941,9);
INSERT INTO LineStops values ('049',60163,1);
INSERT INTO LineStops values ('049',51889,10);
INSERT INTO LineStops values ('049',51890,11);
INSERT INTO LineStops values ('049',50737,12);
INSERT INTO LineStops values ('049',51944,13);
INSERT INTO LineStops values ('049',51945,14);
INSERT INTO LineStops values ('049',51946,15);
INSERT INTO LineStops values ('049',51947,16);
INSERT INTO LineStops values ('049',51950,17);
INSERT INTO LineStops values ('049',51951,18);
INSERT INTO LineStops values ('049',51952,19);
INSERT INTO LineStops values ('049',51479,2);
INSERT INTO LineStops values ('049',51953,20);
INSERT INTO LineStops values ('049',51954,21);
INSERT INTO LineStops values ('049',51955,22);
INSERT INTO LineStops values ('049',59103,23);
INSERT INTO LineStops values ('049',51957,24);
INSERT INTO LineStops values ('049',51958,25);
INSERT INTO LineStops values ('049',51959,26);
INSERT INTO LineStops values ('049',51960,27);
INSERT INTO LineStops values ('049',51961,28);
INSERT INTO LineStops values ('049',51962,29);
INSERT INTO LineStops values ('049',51480,3);
INSERT INTO LineStops values ('049',51963,30);
INSERT INTO LineStops values ('049',51966,31);
INSERT INTO LineStops values ('049',51967,32);
INSERT INTO LineStops values ('049',51968,33);
INSERT INTO LineStops values ('049',51969,34);
INSERT INTO LineStops values ('049',51970,35);
INSERT INTO LineStops values ('049',51971,36);
INSERT INTO LineStops values ('049',51972,37);
INSERT INTO LineStops values ('049',51973,38);
INSERT INTO LineStops values ('049',51975,39);
INSERT INTO LineStops values ('049',51483,4);
INSERT INTO LineStops values ('049',51976,40);
INSERT INTO LineStops values ('049',51977,41);
INSERT INTO LineStops values ('049',51978,42);
INSERT INTO LineStops values ('049',51979,43);
INSERT INTO LineStops values ('049',51980,44);
INSERT INTO LineStops values ('049',51981,45);
INSERT INTO LineStops values ('049',51982,46);
INSERT INTO LineStops values ('049',51983,47);
INSERT INTO LineStops values ('049',51984,48);
INSERT INTO LineStops values ('049',51985,49);
INSERT INTO LineStops values ('049',61579,5);
INSERT INTO LineStops values ('049',51987,50);
INSERT INTO LineStops values ('049',51988,51);
INSERT INTO LineStops values ('049',51989,52);
INSERT INTO LineStops values ('049',59317,53);
INSERT INTO LineStops values ('049',60020,54);
INSERT INTO LineStops values ('049',51647,55);
INSERT INTO LineStops values ('049',51648,56);
INSERT INTO LineStops values ('049',51992,57);
INSERT INTO LineStops values ('049',51993,58);
INSERT INTO LineStops values ('049',51994,59);
INSERT INTO LineStops values ('049',61581,6);
INSERT INTO LineStops values ('049',59607,60);
INSERT INTO LineStops values ('049',51998,61);
INSERT INTO LineStops values ('049',51163,62);
INSERT INTO LineStops values ('049',60195,63);
INSERT INTO LineStops values ('049',59489,7);
INSERT INTO LineStops values ('049',51887,8);
INSERT INTO LineStops values ('049',51888,9);
INSERT INTO LineStops values ('050',61040,1);
INSERT INTO LineStops values ('050',58593,10);
INSERT INTO LineStops values ('050',50220,11);
INSERT INTO LineStops values ('050',58144,12);
INSERT INTO LineStops values ('050',61293,13);
INSERT INTO LineStops values ('050',60993,14);
INSERT INTO LineStops values ('050',58313,15);
INSERT INTO LineStops values ('050',50034,16);
INSERT INTO LineStops values ('050',50035,17);
INSERT INTO LineStops values ('050',50036,18);
INSERT INTO LineStops values ('050',50410,19);
INSERT INTO LineStops values ('050',58054,2);
INSERT INTO LineStops values ('050',58235,20);
INSERT INTO LineStops values ('050',58051,21);
INSERT INTO LineStops values ('050',52058,3);
INSERT INTO LineStops values ('050',52059,4);
INSERT INTO LineStops values ('050',52060,5);
INSERT INTO LineStops values ('050',52061,6);
INSERT INTO LineStops values ('050',52062,7);
INSERT INTO LineStops values ('050',50401,8);
INSERT INTO LineStops values ('050',50403,9);
INSERT INTO LineStops values ('084',60159,1);
INSERT INTO LineStops values ('084',50401,10);
INSERT INTO LineStops values ('084',60553,11);
INSERT INTO LineStops values ('084',59754,12);
INSERT INTO LineStops values ('084',61039,13);
INSERT INTO LineStops values ('084',59758,14);
INSERT INTO LineStops values ('084',59760,15);
INSERT INTO LineStops values ('084',60554,16);
INSERT INTO LineStops values ('084',59763,17);
INSERT INTO LineStops values ('084',60391,18);
INSERT INTO LineStops values ('084',59766,19);
INSERT INTO LineStops values ('084',51928,2);
INSERT INTO LineStops values ('084',59767,20);
INSERT INTO LineStops values ('084',51930,3);
INSERT INTO LineStops values ('084',50347,4);
INSERT INTO LineStops values ('084',50350,5);
INSERT INTO LineStops values ('084',50354,6);
INSERT INTO LineStops values ('084',50393,7);
INSERT INTO LineStops values ('084',60572,8);
INSERT INTO LineStops values ('084',50400,9);
INSERT INTO LineStops values ('099',61935,1);
INSERT INTO LineStops values ('099',50880,10);
INSERT INTO LineStops values ('099',58614,11);
INSERT INTO LineStops values ('099',58499,12);
INSERT INTO LineStops values ('099',52102,13);
INSERT INTO LineStops values ('099',50891,14);
INSERT INTO LineStops values ('099',50892,15);
INSERT INTO LineStops values ('099',50895,16);
INSERT INTO LineStops values ('099',50899,17);
INSERT INTO LineStops values ('099',51740,18);
INSERT INTO LineStops values ('099',50268,2);
INSERT INTO LineStops values ('099',50276,3);
INSERT INTO LineStops values ('099',58037,4);
INSERT INTO LineStops values ('099',50319,5);
INSERT INTO LineStops values ('099',61660,6);
INSERT INTO LineStops values ('099',60494,7);
INSERT INTO LineStops values ('099',52099,8);
INSERT INTO LineStops values ('099',60535,9);
INSERT INTO LineStops values ('100',52123,1);
INSERT INTO LineStops values ('100',52135,10);
INSERT INTO LineStops values ('100',52136,11);
INSERT INTO LineStops values ('100',52138,12);
INSERT INTO LineStops values ('100',52140,13);
INSERT INTO LineStops values ('100',52141,14);
INSERT INTO LineStops values ('100',52142,15);
INSERT INTO LineStops values ('100',51832,16);
INSERT INTO LineStops values ('100',51833,17);
INSERT INTO LineStops values ('100',51834,18);
INSERT INTO LineStops values ('100',51835,19);
INSERT INTO LineStops values ('100',50739,2);
INSERT INTO LineStops values ('100',58183,20);
INSERT INTO LineStops values ('100',51836,21);
INSERT INTO LineStops values ('100',51837,22);
INSERT INTO LineStops values ('100',51838,23);
INSERT INTO LineStops values ('100',52143,24);
INSERT INTO LineStops values ('100',52144,25);
INSERT INTO LineStops values ('100',52145,26);
INSERT INTO LineStops values ('100',52146,27);
INSERT INTO LineStops values ('100',52147,28);
INSERT INTO LineStops values ('100',52148,29);
INSERT INTO LineStops values ('100',52126,3);
INSERT INTO LineStops values ('100',52149,30);
INSERT INTO LineStops values ('100',52150,31);
INSERT INTO LineStops values ('100',59560,32);
INSERT INTO LineStops values ('100',52152,33);
INSERT INTO LineStops values ('100',58611,34);
INSERT INTO LineStops values ('100',52154,35);
INSERT INTO LineStops values ('100',59254,36);
INSERT INTO LineStops values ('100',52155,37);
INSERT INTO LineStops values ('100',52159,38);
INSERT INTO LineStops values ('100',52160,39);
INSERT INTO LineStops values ('100',52127,4);
INSERT INTO LineStops values ('100',52161,40);
INSERT INTO LineStops values ('100',52162,41);
INSERT INTO LineStops values ('100',52163,42);
INSERT INTO LineStops values ('100',52164,43);
INSERT INTO LineStops values ('100',58322,44);
INSERT INTO LineStops values ('100',61338,5);
INSERT INTO LineStops values ('100',52131,6);
INSERT INTO LineStops values ('100',52132,7);
INSERT INTO LineStops values ('100',52133,8);
INSERT INTO LineStops values ('100',52134,9);
INSERT INTO LineStops values ('144',60214,1);
INSERT INTO LineStops values ('144',53065,10);
INSERT INTO LineStops values ('144',53066,11);
INSERT INTO LineStops values ('144',53067,12);
INSERT INTO LineStops values ('144',52779,13);
INSERT INTO LineStops values ('144',52780,14);
INSERT INTO LineStops values ('144',52781,15);
INSERT INTO LineStops values ('144',51445,16);
INSERT INTO LineStops values ('144',53068,17);
INSERT INTO LineStops values ('144',53069,18);
INSERT INTO LineStops values ('144',53070,19);
INSERT INTO LineStops values ('144',52500,2);
INSERT INTO LineStops values ('144',52716,20);
INSERT INTO LineStops values ('144',52528,21);
INSERT INTO LineStops values ('144',52529,22);
INSERT INTO LineStops values ('144',58718,23);
INSERT INTO LineStops values ('144',58442,24);
INSERT INTO LineStops values ('144',52533,25);
INSERT INTO LineStops values ('144',52534,26);
INSERT INTO LineStops values ('144',58264,27);
INSERT INTO LineStops values ('144',52535,28);
INSERT INTO LineStops values ('144',52883,29);
INSERT INTO LineStops values ('144',52501,3);
INSERT INTO LineStops values ('144',52884,30);
INSERT INTO LineStops values ('144',52885,31);
INSERT INTO LineStops values ('144',52993,32);
INSERT INTO LineStops values ('144',52890,33);
INSERT INTO LineStops values ('144',52994,34);
INSERT INTO LineStops values ('144',52995,35);
INSERT INTO LineStops values ('144',51856,36);
INSERT INTO LineStops values ('144',51857,37);
INSERT INTO LineStops values ('144',51858,38);
INSERT INTO LineStops values ('144',52806,39);
INSERT INTO LineStops values ('144',52502,4);
INSERT INTO LineStops values ('144',52807,40);
INSERT INTO LineStops values ('144',52503,5);
INSERT INTO LineStops values ('144',53061,6);
INSERT INTO LineStops values ('144',53062,7);
INSERT INTO LineStops values ('144',53063,8);
INSERT INTO LineStops values ('144',53064,9);
INSERT INTO LineStops values ('401',56421,1);
INSERT INTO LineStops values ('401',56430,10);
INSERT INTO LineStops values ('401',56431,11);
INSERT INTO LineStops values ('401',56432,12);
INSERT INTO LineStops values ('401',56433,13);
INSERT INTO LineStops values ('401',56434,14);
INSERT INTO LineStops values ('401',56435,15);
INSERT INTO LineStops values ('401',56436,16);
INSERT INTO LineStops values ('401',56437,17);
INSERT INTO LineStops values ('401',56438,18);
INSERT INTO LineStops values ('401',56439,19);
INSERT INTO LineStops values ('401',56422,2);
INSERT INTO LineStops values ('401',56440,20);
INSERT INTO LineStops values ('401',56441,21);
INSERT INTO LineStops values ('401',56442,22);
INSERT INTO LineStops values ('401',56443,23);
INSERT INTO LineStops values ('401',56444,24);
INSERT INTO LineStops values ('401',56445,25);
INSERT INTO LineStops values ('401',56446,26);
INSERT INTO LineStops values ('401',56447,27);
INSERT INTO LineStops values ('401',56448,28);
INSERT INTO LineStops values ('401',56449,29);
INSERT INTO LineStops values ('401',56423,3);
INSERT INTO LineStops values ('401',58624,30);
INSERT INTO LineStops values ('401',59982,31);
INSERT INTO LineStops values ('401',56424,4);
INSERT INTO LineStops values ('401',56425,5);
INSERT INTO LineStops values ('401',56426,6);
INSERT INTO LineStops values ('401',56427,7);
INSERT INTO LineStops values ('401',56428,8);
INSERT INTO LineStops values ('401',56429,9);
INSERT INTO LineStops values ('402',56421,1);
INSERT INTO LineStops values ('402',56526,10);
INSERT INTO LineStops values ('402',56527,11);
INSERT INTO LineStops values ('402',56528,12);
INSERT INTO LineStops values ('402',56529,13);
INSERT INTO LineStops values ('402',56530,14);
INSERT INTO LineStops values ('402',56531,15);
INSERT INTO LineStops values ('402',56532,16);
INSERT INTO LineStops values ('402',56533,17);
INSERT INTO LineStops values ('402',56534,18);
INSERT INTO LineStops values ('402',56535,19);
INSERT INTO LineStops values ('402',56518,2);
INSERT INTO LineStops values ('402',56536,20);
INSERT INTO LineStops values ('402',56537,21);
INSERT INTO LineStops values ('402',56538,22);
INSERT INTO LineStops values ('402',56539,23);
INSERT INTO LineStops values ('402',56540,24);
INSERT INTO LineStops values ('402',56541,25);
INSERT INTO LineStops values ('402',56542,26);
INSERT INTO LineStops values ('402',61526,27);
INSERT INTO LineStops values ('402',56543,28);
INSERT INTO LineStops values ('402',56544,29);
INSERT INTO LineStops values ('402',56519,3);
INSERT INTO LineStops values ('402',58069,30);
INSERT INTO LineStops values ('402',60482,31);
INSERT INTO LineStops values ('402',56520,4);
INSERT INTO LineStops values ('402',56521,5);
INSERT INTO LineStops values ('402',56522,6);
INSERT INTO LineStops values ('402',56523,7);
INSERT INTO LineStops values ('402',56524,8);
INSERT INTO LineStops values ('402',56525,9);
INSERT INTO LineStops values ('403',56647,1);
INSERT INTO LineStops values ('403',60974,2);
INSERT INTO LineStops values ('403',56597,3);
INSERT INTO LineStops values ('403',56598,4);
INSERT INTO LineStops values ('403',58152,5);
INSERT INTO LineStops values ('403',56600,6);
INSERT INTO LineStops values ('WCE',57944,1);
INSERT INTO LineStops values ('WCE',57950,10);
INSERT INTO LineStops values ('WCE',57951,11);
INSERT INTO LineStops values ('WCE',57893,2);
INSERT INTO LineStops values ('WCE',57945,3);
INSERT INTO LineStops values ('WCE',60105,4);
INSERT INTO LineStops values ('WCE',57946,5);
INSERT INTO LineStops values ('WCE',60107,6);
INSERT INTO LineStops values ('WCE',57947,7);
INSERT INTO LineStops values ('WCE',57948,8);
INSERT INTO LineStops values ('WCE',57949,9);
INSERT INTO LineStops values ('Canada Line',61386,1);
INSERT INTO LineStops values ('Canada Line',61368,10);
INSERT INTO LineStops values ('Canada Line',61366,11);
INSERT INTO LineStops values ('Canada Line',61364,12);
INSERT INTO LineStops values ('Canada Line',61394,13);
INSERT INTO LineStops values ('Canada Line',61384,2);
INSERT INTO LineStops values ('Canada Line',61382,3);
INSERT INTO LineStops values ('Canada Line',61380,4);
INSERT INTO LineStops values ('Canada Line',61378,5);
INSERT INTO LineStops values ('Canada Line',61376,6);
INSERT INTO LineStops values ('Canada Line',61374,7);
INSERT INTO LineStops values ('Canada Line',61372,8);
INSERT INTO LineStops values ('Canada Line',61370,9);
INSERT INTO LineStops values ('Millenium Line',60825,1);
INSERT INTO LineStops values ('Millenium Line',60807,10);
INSERT INTO LineStops values ('Millenium Line',60805,11);
INSERT INTO LineStops values ('Millenium Line',60086,12);
INSERT INTO LineStops values ('Millenium Line',60088,13);
INSERT INTO LineStops values ('Millenium Line',60090,14);
INSERT INTO LineStops values ('Millenium Line',60092,15);
INSERT INTO LineStops values ('Millenium Line',60094,16);
INSERT INTO LineStops values ('Millenium Line',60096,17);
INSERT INTO LineStops values ('Millenium Line',60823,2);
INSERT INTO LineStops values ('Millenium Line',60821,3);
INSERT INTO LineStops values ('Millenium Line',60819,4);
INSERT INTO LineStops values ('Millenium Line',60817,5);
INSERT INTO LineStops values ('Millenium Line',60815,6);
INSERT INTO LineStops values ('Millenium Line',60813,7);
INSERT INTO LineStops values ('Millenium Line',60811,8);
INSERT INTO LineStops values ('Millenium Line',60809,9);
INSERT INTO LineStops values ('Expo Line',57964,1);
INSERT INTO LineStops values ('Expo Line',57973,10);
INSERT INTO LineStops values ('Expo Line',57974,11);
INSERT INTO LineStops values ('Expo Line',57975,12);
INSERT INTO LineStops values ('Expo Line',57976,13);
INSERT INTO LineStops values ('Expo Line',57977,14);
INSERT INTO LineStops values ('Expo Line',57978,15);
INSERT INTO LineStops values ('Expo Line',57979,16);
INSERT INTO LineStops values ('Expo Line',60801,17);
INSERT INTO LineStops values ('Expo Line',60803,18);
INSERT INTO LineStops values ('Expo Line',60804,19);
INSERT INTO LineStops values ('Expo Line',60826,2);
INSERT INTO LineStops values ('Expo Line',60806,20);
INSERT INTO LineStops values ('Expo Line',57966,3);
INSERT INTO LineStops values ('Expo Line',57967,4);
INSERT INTO LineStops values ('Expo Line',57968,5);
INSERT INTO LineStops values ('Expo Line',57969,6);
INSERT INTO LineStops values ('Expo Line',57970,7);
INSERT INTO LineStops values ('Expo Line',57971,8);
INSERT INTO LineStops values ('Expo Line',57972,9);
INSERT INTO LineStops values ('SeaBus',57960,1);
INSERT INTO LineStops values ('SeaBus',57961,2);

INSERT INTO Operator VALUES (1, 'James Adams', 'Vancouver Trolley', 26, 'TROLLEY', '003');
INSERT INTO Operator VALUES (2, 'Michael Baker', 'Vancouver Trolley', 27, 'TROLLEY', '004');
INSERT INTO Operator VALUES (3, 'Robert Clark', 'Vancouver Trolley', 28, 'TROLLEY', '007');
INSERT INTO Operator VALUES (4, 'Maria Evans', 'Vancouver Trolley', 29, 'TROLLEY', '010');
INSERT INTO Operator VALUES (5, 'David Frank', 'Richmond Bus', 1, 'BUS', '408');
INSERT INTO Operator VALUES (6, 'Mary Ghosh', 'Richmond Bus', 2, 'BUS', '414');
INSERT INTO Operator VALUES (7, 'James Hills', 'Richmond Bus', 3, 'BUS', '406');
INSERT INTO Operator VALUES (8, 'Michael Irwin', 'Vancouver Bus', 7, 'BUS', '033');
INSERT INTO Operator VALUES (9, 'Robert Jones', 'Vancouver Harbor', 31, 'SEABUS', 'SeaBus');
INSERT INTO Operator VALUES (10, 'Maria Klein', 'Coquitlam Rail Yard', 38, 'RAIL', 'WCE');
INSERT INTO Operator VALUES (11, 'David Lopez', 'Richmond Metro', 33, 'METRO', 'Canada Line');
INSERT INTO Operator VALUES (12, 'Mary Mason', 'Richmond Metro', 34, 'METRO', 'Canada Line');
INSERT INTO Operator VALUES (13, 'James Nalty', 'Richmond Metro', 35, 'METRO', 'Canada Line');
INSERT INTO Operator VALUES (14, 'Michael Ochoa', 'Burnaby Metro', 36, 'METRO', 'Expo Line');
INSERT INTO Operator VALUES (15, 'Robert Quinn', 'Burnaby Metro', 37, 'METRO', 'Millenium Line');
INSERT INTO Operator VALUES (16, 'Maria Reily', 'Richmond Long Bus', 4, 'RAPIDBUS', '049');
INSERT INTO Operator VALUES (17, 'David Smith', 'Richmond Long Bus', 5, 'RAPIDBUS', '049');
INSERT INTO Operator VALUES (18, 'Mary Trott', 'Burnaby Long Bus', 13, 'RAPIDBUS', '084');
INSERT INTO Operator VALUES (19, 'Walter White', 'Burnaby Long Bus', 14, 'RAPIDBUS', '099');

INSERT INTO HasWorked VALUES ('003', 2);
INSERT INTO HasWorked VALUES ('007', 2);
INSERT INTO HasWorked VALUES ('010', 2);
INSERT INTO HasWorked VALUES ('004', 2);
INSERT INTO HasWorked VALUES ('016', 2);
INSERT INTO HasWorked VALUES ('017', 2);
INSERT INTO HasWorked VALUES ('019', 2);
INSERT INTO HasWorked VALUES ('020', 2);
INSERT INTO HasWorked VALUES ('003', 1);
INSERT INTO HasWorked VALUES ('007', 1);
INSERT INTO HasWorked VALUES ('010', 1);
INSERT INTO HasWorked VALUES ('004', 1);
INSERT INTO HasWorked VALUES ('016', 1);
INSERT INTO HasWorked VALUES ('017', 1);
INSERT INTO HasWorked VALUES ('019', 1);
INSERT INTO HasWorked VALUES ('020', 1);
INSERT INTO HasWorked VALUES ('010', 3); 
INSERT INTO HasWorked VALUES ('007', 4);
INSERT INTO HasWorked VALUES ('414', 5);
INSERT INTO HasWorked VALUES ('406', 5);
INSERT INTO HasWorked VALUES ('408', 7);
INSERT INTO HasWorked VALUES ('Expo Line', 15);
INSERT INTO HasWorked VALUES ('Millenium Line', 14);
INSERT INTO HasWorked VALUES ('084', 19);
INSERT INTO HasWorked VALUES ('049',19);
INSERT INTO HasWorked VALUES ('099',19);
INSERT INTO HasWorked VALUES ('R4',19);
INSERT INTO HasWorked VALUES ('R5',19);
INSERT INTO HasWorked VALUES ('084', 18);
INSERT INTO HasWorked VALUES ('049',18);
INSERT INTO HasWorked VALUES ('099',18);
INSERT INTO HasWorked VALUES ('R4',18);
INSERT INTO HasWorked VALUES ('R5',18);
INSERT INTO HasWorked VALUES ('084', 17);
INSERT INTO HasWorked VALUES ('049',17);
INSERT INTO HasWorked VALUES ('099',17);
INSERT INTO HasWorked VALUES ('R4',17);
INSERT INTO HasWorked VALUES ('R5',17);
INSERT INTO HasWorked VALUES ('Millenium Line', 15);
INSERT INTO HasWorked VALUES ('Canada Line', 15);
INSERT INTO HasWorked VALUES ('SeaBus', 10);

INSERT INTO Account VALUES(add_account_id.NEXTVAL,'pdumitru@student.ubc.ca', 'Phil');
INSERT INTO Account VALUES(add_account_id.NEXTVAL,'craig@email.com', 'Craig');
INSERT INTO Account VALUES(add_account_id.NEXTVAL,'emily@email.com', 'Emily');
INSERT INTO Account VALUES(add_account_id.NEXTVAL,'jason@email.com', 'Jason');
INSERT INTO Account VALUES(add_account_id.NEXTVAL,'maddy@email.com', 'Maddy');
INSERT INTO Account VALUES(add_account_id.NEXTVAL,'megan@email.com', 'Megan');
INSERT INTO Account VALUES(add_account_id.NEXTVAL,'nathaniel@email.com', 'Nathaniel');
INSERT INTO Account VALUES(add_account_id.NEXTVAL,'elizabeth@email.com', 'Elizabeth');
INSERT INTO Account VALUES(add_account_id.NEXTVAL,'samuel@email.com', 'Samuel');

INSERT INTO BusCard VALUES(1, NULL, 'UPASS', 1);
INSERT INTO BusCard VALUES(2, 100, '1ZONE', 1);
INSERT INTO BusCard VALUES(3, 30, '2ZONE', 1);
INSERT INTO BusCard VALUES(1, 300, '1ZONE', 2);
INSERT INTO BusCard VALUES(2, 10, '3ZONE', 2);
INSERT INTO BusCard VALUES(1, 0, '1ZONE', 3);
INSERT INTO BusCard VALUES(1, 25, '1ZONE', 4);
INSERT INTO BusCard VALUES(1, 25, '1ZONE', 5);
INSERT INTO BusCard VALUES(1, 25, '1ZONE', 6);
INSERT INTO BusCard VALUES(1, 25, '1ZONE', 7);
INSERT INTO BusCard VALUES(1, 25, '1ZONE', 8);
INSERT INTO BusCard VALUES(1, 25, '1ZONE', 9);

INSERT INTO Visited VALUES(1,60159,TO_DATE('2022-11-23','yyyy-mm-dd'));
INSERT INTO Visited VALUES(1,50354,TO_DATE('2022-11-23','yyyy-mm-dd'));
INSERT INTO Visited VALUES(1,60160,TO_DATE('2022-11-22','yyyy-mm-dd'));
INSERT INTO Visited VALUES(1,50354,TO_DATE('2022-11-22','yyyy-mm-dd'));
INSERT INTO Visited VALUES(1,60570,TO_DATE('2022-11-21','yyyy-mm-dd'));
INSERT INTO Visited VALUES(1,61702,TO_DATE('2020-02-02','yyyy-mm-dd'));
INSERT INTO Visited VALUES(1,61935,TO_DATE('2020-02-02','yyyy-mm-dd'));
INSERT INTO Visited VALUES(1,60158,TO_DATE('2020-02-02','yyyy-mm-dd'));
INSERT INTO Visited VALUES(1,60159,TO_DATE('2020-02-02','yyyy-mm-dd'));
INSERT INTO Visited VALUES(1,60160,TO_DATE('2020-02-02','yyyy-mm-dd'));
INSERT INTO Visited VALUES(1,60162,TO_DATE('2020-02-02','yyyy-mm-dd'));
INSERT INTO Visited VALUES(1,60163,TO_DATE('2020-02-02','yyyy-mm-dd'));
INSERT INTO Visited VALUES(1,60164,TO_DATE('2020-02-02','yyyy-mm-dd'));
INSERT INTO Visited VALUES(1,60358,TO_DATE('2020-02-02','yyyy-mm-dd'));
INSERT INTO Visited VALUES(2,61702,TO_DATE('2020-02-02','yyyy-mm-dd'));
INSERT INTO Visited VALUES(2,61935,TO_DATE('2020-02-02','yyyy-mm-dd'));
INSERT INTO Visited VALUES(2,60158,TO_DATE('2020-02-02','yyyy-mm-dd'));
INSERT INTO Visited VALUES(2,60159,TO_DATE('2020-02-02','yyyy-mm-dd'));
INSERT INTO Visited VALUES(2,60160,TO_DATE('2020-02-02','yyyy-mm-dd'));
INSERT INTO Visited VALUES(2,60162,TO_DATE('2020-02-02','yyyy-mm-dd'));
INSERT INTO Visited VALUES(2,60163,TO_DATE('2020-02-02','yyyy-mm-dd'));
INSERT INTO Visited VALUES(2,60164,TO_DATE('2020-02-02','yyyy-mm-dd'));
INSERT INTO Visited VALUES(2,60358,TO_DATE('2020-02-02','yyyy-mm-dd'));
INSERT INTO Visited VALUES(3,61702,TO_DATE('2020-02-02','yyyy-mm-dd'));
INSERT INTO Visited VALUES(3,61935,TO_DATE('2020-02-02','yyyy-mm-dd'));
INSERT INTO Visited VALUES(3,60158,TO_DATE('2020-02-02','yyyy-mm-dd'));
INSERT INTO Visited VALUES(3,60159,TO_DATE('2020-02-02','yyyy-mm-dd'));
INSERT INTO Visited VALUES(3,60160,TO_DATE('2020-02-02','yyyy-mm-dd'));
INSERT INTO Visited VALUES(3,60162,TO_DATE('2020-02-02','yyyy-mm-dd'));
INSERT INTO Visited VALUES(3,60163,TO_DATE('2020-02-02','yyyy-mm-dd'));
INSERT INTO Visited VALUES(3,60164,TO_DATE('2020-02-02','yyyy-mm-dd'));
INSERT INTO Visited VALUES(3,60358,TO_DATE('2020-02-03','yyyy-mm-dd'));
INSERT INTO Visited VALUES(7,61394,TO_DATE('2021-04-26','yyyy-mm-dd'));
INSERT INTO Visited VALUES(7,57893,TO_DATE('2021-04-26','yyyy-mm-dd'));
INSERT INTO Visited VALUES(7,50035,TO_DATE('2021-04-26','yyyy-mm-dd'));
INSERT INTO Visited VALUES(7,57944,TO_DATE('2021-04-26','yyyy-mm-dd'));
INSERT INTO Visited VALUES(7,57960,TO_DATE('2021-04-26','yyyy-mm-dd'));
INSERT INTO Visited VALUES(7,57964,TO_DATE('2021-04-26','yyyy-mm-dd'));
INSERT INTO Visited VALUES(5,61394,TO_DATE('2019-09-22','yyyy-mm-dd'));
INSERT INTO Visited VALUES(5,57893,TO_DATE('2019-09-22','yyyy-mm-dd'));
INSERT INTO Visited VALUES(5,50035,TO_DATE('2019-09-22','yyyy-mm-dd'));
INSERT INTO Visited VALUES(5,57944,TO_DATE('2019-09-22','yyyy-mm-dd'));
INSERT INTO Visited VALUES(5,57960,TO_DATE('2019-09-22','yyyy-mm-dd'));
INSERT INTO Visited VALUES(5,57964,TO_DATE('2019-09-22','yyyy-mm-dd'));
INSERT INTO Visited VALUES(8,61394,TO_DATE('2022-06-19','yyyy-mm-dd'));
INSERT INTO Visited VALUES(8,57893,TO_DATE('2022-06-19','yyyy-mm-dd'));
INSERT INTO Visited VALUES(8,50035,TO_DATE('2022-06-19','yyyy-mm-dd'));
INSERT INTO Visited VALUES(8,57944,TO_DATE('2022-06-19','yyyy-mm-dd'));
INSERT INTO Visited VALUES(8,57960,TO_DATE('2022-06-19','yyyy-mm-dd'));
INSERT INTO Visited VALUES(8,57964,TO_DATE('2022-06-19','yyyy-mm-dd'));
